idcar_200m,idcar_1km,idcar_nat,i_est_200,i_est_1km,lcog_geo,ind,lon_bas_gauche,lat_bas_gauche,lon_haut_droit,lat_haut_droit,lon_centre,lat_centre
CRS3035RES200mN2622400E3462000,CRS3035RES1000mN2622000E3462000,CRS3035RES1000mN2622000E3462000,1,0,"17300,17028",2,-1.1502447829682154,46.13342723393133,-1.148053687377938,46.13547494950136,-1.1491492545926012,46.13445109729945
CRS3035RES200mN2622400E3462200,CRS3035RES1000mN2622000E3462000,CRS3035RES1000mN2622000E3462000,1,0,"17028,17300",15,-1.1476824190077377,46.133696597679375,-1.1454912183326158,46.13574426211555,-1.1465868380906852,46.13472043548112
CRS3035RES200mN2622600E3461800,CRS3035RES1000mN2622000E3461000,CRS3035RES2000mN2622000E3460000,1,1,17300,1,-1.1531785562584875,46.13493614001431,-1.1509875154926381,46.13698391318432,-1.1520830552956671,46.1359600321819
CRS3035RES200mN2622600E3462000,CRS3035RES1000mN2622000E3462000,CRS3035RES1000mN2622000E3462000,0,0,17300,30,-1.1506161333548288,46.1352055754673,-1.148424987492669,46.13725329750527,-1.149520579844837,46.136229442069435
CRS3035RES200mN2622800E3462000,CRS3035RES1000mN2622000E3462000,CRS3035RES1000mN2622000E3462000,0,0,17300,94,-1.1509875154926381,46.13698391318432,-1.148796319355729,46.13903164169135,-1.1498919368468419,46.138007783020996
CRS3035RES200mN2622800E3462600,CRS3035RES1000mN2622000E3462000,CRS3035RES1000mN2622000E3462000,0,0,"17028,17300",56,-1.1432998622832282,46.13779188188016,-1.1411083508391744,46.13983945696852,-1.1422041259868094,46.13881567500917
CRS3035RES200mN2622800E3462800,CRS3035RES1000mN2622000E3462000,CRS3035RES1000mN2622000E3462000,0,0,"17300,17028",192.5,-1.1407372650833583,46.1380610819323,-1.1385456485405276,46.140108605874914,-1.1396414762385372,46.13908484948898
CRS3035RES200mN2622800E3463000,CRS3035RES1000mN2622000E3463000,CRS3035RES1000mN2622000E3463000,0,0,"17028,17300",59,-1.1381746448264614,46.138330220559745,-1.1359829231866587,46.1403776933535,-1.1370788034341346,46.139353962542536
CRS3035RES200mN2623000E3460600,CRS3035RES1000mN2623000E3460000,CRS3035RES2000mN2622000E3460000,1,1,17300,18,-1.1692965531058281,46.13687476501627,-1.167106042538565,46.13892285787092,-1.1682013172395322,46.13789881702292
CRS3035RES200mN2623000E3460800,CRS3035RES1000mN2623000E3460000,CRS3035RES2000mN2622000E3460000,0,1,17300,26,-1.166734104731626,46.13714458957005,-1.1645434890379358,46.13919263130867,-1.1656388163031017,46.13816861601923
CRS3035RES200mN2623000E3461000,CRS3035RES1000mN2623000E3461000,CRS3035RES2000mN2622000E3460000,0,0,17300,58,-1.164171633249371,46.137414352705775,-1.1619809124310572,46.13946234332524,-1.1630762922595184,46.13843835359593
CRS3035RES200mN2623000E3461200,CRS3035RES1000mN2623000E3461000,CRS3035RES2000mN2622000E3460000,0,0,17300,78,-1.1616091386638736,46.137684054422564,-1.1594183127227269,46.139731993919796,-1.1605137451135883,46.13870802975215
CRS3035RES200mN2623000E3461400,CRS3035RES1000mN2623000E3461000,CRS3035RES2000mN2622000E3460000,0,0,17300,234,-1.159046620979932,46.13795369471953,-1.156855689917746,46.140001583091404,-1.1579511748701121,46.138977644487
CRS3035RES200mN2623000E3461600,CRS3035RES1000mN2623000E3461000,CRS3035RES2000mN2622000E3460000,0,0,17300,132,-1.1564840802023435,46.13822327359578,-1.1542930440209154,46.14027111083919,-1.1553885815338847,46.13924719779956
CRS3035RES200mN2623000E3461800,CRS3035RES1000mN2623000E3461000,CRS3035RES2000mN2622000E3460000,1,0,17300,7,-1.153921516335916,46.13849279105041,-1.1517303750370365,46.14054057716227,-1.152825965109715,46.139516689688975
CRS3035RES200mN2623000E3462000,CRS3035RES1000mN2623000E3462000,CRS3035RES200mN2623000E3462000,0,0,17300,155.5,-1.1513589293854394,46.138762247082575,-1.149167682970915,46.140809982059764,-1.1502633256024042,46.13978612015435
CRS3035RES200mN2623000E3462200,CRS3035RES1000mN2623000E3462000,CRS3035RES200mN2623000E3462200,0,0,"17300,17028",110,-1.148796319355729,46.13903164169135,-1.1466049678273533,46.14107932553078,-1.1477006630167501,46.14005548919481
CRS3035RES200mN2623000E3462400,CRS3035RES1000mN2623000E3462000,CRS3035RES200mN2623000E3462400,0,0,"17300,17028",31,-1.1462336862515792,46.13930097487585,-1.1440422296111559,46.14134860757443,-1.145137977357557,46.14032479680942
CRS3035RES200mN2623000E3462600,CRS3035RES1000mN2623000E3462000,CRS3035RES200mN2623000E3462600,0,0,17300,168,-1.1436710300777946,46.13957024663522,-1.1414794683271172,46.1416178281898,-1.1425752686296322,46.14059404299735
CRS3035RES200mN2623000E3462800,CRS3035RES1000mN2623000E3462000,CRS3035RES200mN2623000E3462800,0,0,17300,150.5,-1.1411083508391744,46.13983945696852,-1.1389166839800577,46.14188698737604,-1.1400125368377751,46.140863227757684
CRS3035RES200mN2623000E3463000,CRS3035RES1000mN2623000E3463000,CRS3035RES1000mN2623000E3463000,0,0,"17028,17300",262,-1.1385456485405276,46.140108605874914,-1.1363538765747656,46.14215608513225,-1.1374497819867868,46.14113235108954
CRS3035RES200mN2623000E3463200,CRS3035RES1000mN2623000E3463000,CRS3035RES1000mN2623000E3463000,0,0,"17028,17300",191,-1.1359829231866587,46.1403776933535,-1.1337910461160512,46.14242512145754,-1.134887004081478,46.14140141299202
CRS3035RES200mN2623000E3463400,CRS3035RES1000mN2623000E3463000,CRS3035RES1000mN2623000E3463000,0,0,"17028,17300",158.5,-1.1334201747823653,46.140646719403364,-1.1312281926087207,46.142694096351036,-1.132324203126653,46.141670413464254
CRS3035RES200mN2623200E3460400,CRS3035RES1000mN2623000E3460000,CRS3035RES2000mN2622000E3460000,0,1,17300,119.5,-1.1722310802018612,46.13838312673553,-1.1700406245596893,46.1404312771849,-1.1711358717986962,46.139407207539016
CRS3035RES200mN2623200E3460600,CRS3035RES1000mN2623000E3460000,CRS3035RES2000mN2622000E3460000,0,1,17300,331,-1.1696685729281389,46.138653023012914,-1.167478012148085,46.14070112234803,-1.1685733119570125,46.13967707825982
CRS3035RES200mN2623200E3460800,CRS3035RES1000mN2623000E3460000,CRS3035RES2000mN2622000E3460000,0,1,17300,233,-1.167106042538565,46.13892285787092,-1.164915376622417,46.14097090608869,-1.1660107290003774,46.1399468875597
CRS3035RES200mN2623200E3461000,CRS3035RES1000mN2623000E3461000,CRS3035RES2000mN2622000E3460000,0,0,17300,153,-1.1645434890379358,46.13919263130867,-1.1623527179874888,46.14124062840596,-1.1634481229335822,46.14021663543777
CRS3035RES200mN2623200E3461200,CRS3035RES1000mN2623000E3461000,CRS3035RES2000mN2622000E3460000,0,0,17300,77.5,-1.1619809124310572,46.13946234332524,-1.159790036248105,46.14151028929899,-1.1608854937614363,46.14048632189312
CRS3035RES200mN2623200E3461400,CRS3035RES1000mN2623000E3461000,CRS3035RES2000mN2622000E3460000,0,0,17300,371,-1.1594183127227269,46.139731993919796,-1.157227331409065,46.14177988876687,-1.1583228414887354,46.14075594692488
CRS3035RES200mN2623200E3461600,CRS3035RES1000mN2623000E3461000,CRS3035RES2000mN2622000E3460000,0,0,17300,85,-1.156855689917746,46.140001583091404,-1.15466460347517,46.14204942680872,-1.1557601661202794,46.14102551053217
CRS3035RES200mN2623200E3461800,CRS3035RES1000mN2623000E3461000,CRS3035RES2000mN2622000E3460000,0,0,17300,26,-1.1542930440209154,46.14027111083919,-1.1521018524512239,46.14231890342363,-1.1531974676608756,46.14129501271407
CRS3035RES200mN2623200E3462000,CRS3035RES1000mN2623000E3462000,CRS3035RES200mN2623200E3462000,0,0,17300,26,-1.1517303750370365,46.14054057716227,-1.1495390783420263,46.14258831861075,-1.150634746115325,46.141564453469734
CRS3035RES200mN2623200E3462200,CRS3035RES1000mN2623000E3462000,CRS3035RES200mN2623200E3462200,0,0,17300,117.5,-1.149167682970915,46.140809982059764,-1.146976281152388,46.14285767236915,-1.1480720014884318,46.14183383279821
CRS3035RES200mN2623200E3462400,CRS3035RES1000mN2623000E3462000,CRS3035RES200mN2623200E3462400,0,0,17300,149.5,-1.1466049678273533,46.14107932553078,-1.1444134608871097,46.143126964698,-1.1455092337849875,46.1421031506987
CRS3035RES200mN2623200E3462600,CRS3035RES1000mN2623000E3462000,CRS3035RES200mN2623200E3462600,0,0,17300,177,-1.1440422296111559,46.14134860757443,-1.1418506175509862,46.14339619559633,-1.1429464430098137,46.14237240717025
CRS3035RES200mN2623200E3462800,CRS3035RES1000mN2623000E3462000,CRS3035RES200mN2623200E3462800,0,0,17300,161.5,-1.1414794683271172,46.1416178281898,-1.1392877511488377,46.14366536506332,-1.1403836291677054,46.14264160221199
CRS3035RES200mN2623200E3463000,CRS3035RES1000mN2623000E3463000,CRS3035RES1000mN2623000E3463000,0,0,17300,160.5,-1.1389166839800577,46.14188698737604,-1.136724861685459,46.14393447309808,-1.1378207922634618,46.142910735823044
CRS3035RES200mN2623200E3463200,CRS3035RES1000mN2623000E3463000,CRS3035RES1000mN2623000E3463000,0,0,"17300,17028",127,-1.1363538765747656,46.14215608513225,-1.134161949165659,46.14420351969968,-1.1352579323019032,46.14317980800249
CRS3035RES200mN2623200E3463400,CRS3035RES1000mN2623000E3463000,CRS3035RES1000mN2623000E3463000,1,0,"17028,17300",24,-1.1337910461160512,46.14242512145754,-1.1315990135942386,46.144472504867274,-1.1326950492878212,46.14344881874949
CRS3035RES200mN2623400E3460800,CRS3035RES1000mN2623000E3460000,CRS3035RES2000mN2622000E3460000,0,1,17300,17,-1.167478012148085,46.14070112234803,-1.1652872960066147,46.14274917704607,-1.166382673498798,46.14172515527698
CRS3035RES200mN2623400E3461000,CRS3035RES1000mN2623000E3461000,CRS3035RES2000mN2622000E3460000,0,0,17300,74.5,-1.164915376622417,46.14097090608869,-1.162724555336974,46.143018909664946,-1.1638199854021327,46.1419949134573
CRS3035RES200mN2623400E3461200,CRS3035RES1000mN2623000E3461000,CRS3035RES2000mN2622000E3460000,0,0,17300,178,-1.1623527179874888,46.14124062840596,-1.1601617915598736,46.14328858085735,-1.1612572741971028,46.142264610212685
CRS3035RES200mN2623400E3461400,CRS3035RES1000mN2623000E3461000,CRS3035RES2000mN2622000E3460000,1,0,17300,12,-1.159790036248105,46.14151028929899,-1.1575990046801066,46.1435581906224,-1.1586945398885158,46.14253424554228
CRS3035RES200mN2623400E3461600,CRS3035RES1000mN2623000E3461000,CRS3035RES2000mN2622000E3460000,0,0,17300,371,-1.157227331409065,46.14177988876687,-1.1550361947024819,46.14382773895919,-1.1561317824811663,46.14280381944518
CRS3035RES200mN2623400E3461800,CRS3035RES1000mN2623000E3461000,CRS3035RES2000mN2622000E3460000,0,0,17300,112,-1.15466460347517,46.14204942680872,-1.1524733616317975,46.14409722586686,-1.1535690019798586,46.14307333192048
CRS3035RES200mN2623400E3462000,CRS3035RES1000mN2623000E3462000,CRS3035RES200mN2623400E3462000,0,0,17300,35.5,-1.1521018524512239,46.14231890342363,-1.1499105054728622,46.144366651344484,-1.151006198389403,46.1433427829673
CRS3035RES200mN2623400E3462200,CRS3035RES1000mN2623000E3462000,CRS3035RES200mN2623400E3462200,0,0,17300,88.5,-1.1495390783420263,46.14258831861075,-1.1473476262304791,46.144636015391185,-1.1484433717145979,46.14361217258477
CRS3035RES200mN2623400E3462400,CRS3035RES1000mN2623000E3462000,CRS3035RES200mN2623400E3462400,0,0,17300,186.5,-1.146976281152388,46.14285767236915,-1.1447847239094489,46.144905318006124,-1.1458805219602424,46.14388150077199
CRS3035RES200mN2623400E3462600,CRS3035RES1000mN2623000E3462000,CRS3035RES200mN2623400E3462600,0,0,17300,130,-1.1444134608871097,46.143126964698,-1.1422217985145742,46.145174559188334,-1.1433176491311534,46.14415076752805
CRS3035RES200mN2623400E3462800,CRS3035RES1000mN2623000E3462000,CRS3035RES200mN2623400E3462800,0,0,17300,132,-1.1418506175509862,46.14339619559633,-1.1396588500506704,46.145443738936976,-1.1407547532321258,46.144419972852106
CRS3035RES200mN2623400E3463000,CRS3035RES1000mN2623000E3463000,CRS3035RES1000mN2623000E3463000,0,0,17300,27,-1.1392877511488377,46.14366536506332,-1.1370958785225354,46.145712857251155,-1.1381918342679638,46.144689116743244
CRS3035RES200mN2623400E3463200,CRS3035RES1000mN2623000E3463000,CRS3035RES1000mN2623000E3463000,0,0,"17300,17028",52,-1.136724861685459,46.14393447309808,-1.1345328839349766,46.14598191412998,-1.1356288922434776,46.14495819920059
CRS3035RES200mN2623400E3464400,CRS3035RES1000mN2623000E3464000,CRS3035RES1000mN2623000E3464000,1,0,"17028,17300",1,-1.1213470408885293,46.14554783117968,-1.1191544324309,46.14759496521092,-1.1202507560988737,46.14657140378516
CRS3035RES200mN2623600E3461200,CRS3035RES1000mN2623000E3461000,CRS3035RES2000mN2622000E3460000,1,0,17300,7.5,-1.162724555336974,46.143018909664946,-1.16053357866183,46.14506686859507,-1.1616290864243901,46.14404289471108
CRS3035RES200mN2623600E3461400,CRS3035RES1000mN2623000E3461000,CRS3035RES2000mN2622000E3460000,0,0,17300,137.5,-1.1601617915598736,46.14328858085735,-1.1579707097346694,46.145336488658195,-1.159066270073247,46.144312540339385
CRS3035RES200mN2623600E3461600,CRS3035RES1000mN2623000E3461000,CRS3035RES2000mN2622000E3460000,0,0,17300,380.5,-1.1575990046801066,46.1435581906224,-1.1554078177066487,46.14560604729085,-1.1565034306203346,46.144582124538786
CRS3035RES200mN2623600E3461800,CRS3035RES1000mN2623000E3461000,CRS3035RES2000mN2622000E3460000,0,0,17300,118.5,-1.1550361947024819,46.14382773895919,-1.152844902582563,46.14587554449213,-1.1539405680704644,46.144851647308386
CRS3035RES200mN2623600E3462000,CRS3035RES1000mN2623000E3462000,CRS3035RES200mN2623600E3462000,0,0,17300,50,-1.1524733616317975,46.14409722586686,-1.1502819643672173,46.146144980261184,-1.151377682428436,46.145121108647295
CRS3035RES200mN2623600E3462200,CRS3035RES1000mN2623000E3462000,CRS3035RES200mN2623600E3462200,0,0,17300,123,-1.1499105054728622,46.144366651344484,-1.1477190030654196,46.146414354597106,-1.1488147736990542,46.14539050855461
CRS3035RES200mN2623600E3462400,CRS3035RES1000mN2623000E3462000,CRS3035RES200mN2623600E3462400,0,0,17300,231,-1.1473476262304791,46.144636015391185,-1.1451560186819756,46.14668366749901,-1.1462518418871193,46.14565984702947
CRS3035RES200mN2623600E3462600,CRS3035RES1000mN2623000E3462000,CRS3035RES200mN2623600E3462600,0,0,17300,206,-1.1447847239094489,46.144905318006124,-1.14259301122168,46.146952918965994,-1.143688886997444,46.145929124070975
CRS3035RES200mN2623600E3462800,CRS3035RES1000mN2623000E3462000,CRS3035RES200mN2623600E3462800,0,0,17300,172,-1.1422217985145742,46.145174559188334,-1.1400299806893512,46.14722210899719,-1.141125909034829,46.146198339678236
CRS3035RES200mN2623600E3464600,CRS3035RES1000mN2623000E3464000,CRS3035RES1000mN2623000E3464000,1,0,17300,92.5,-1.1191544324309,46.14759496521092,-1.1169616684497956,46.14964205452087,-1.118058069882056,46.14861851545634
CRS3035RES200mN2623600E3464800,CRS3035RES1000mN2623000E3464000,CRS3035RES1000mN2623000E3464000,0,0,"17300,17028",215.5,-1.1165912765619712,46.147863592017465,-1.1143984074614781,46.14991063014534,-1.115494861454415,46.14888711667241
CRS3035RES200mN2623600E3465000,CRS3035RES1000mN2623000E3465000,CRS3035RES1000mN2623000E3465000,0,0,"17300,17028,17274",55,-1.1140280976720747,46.14813215738156,-1.111835123454011,46.15017914432427,-1.1129316300067238,46.149155656444464
CRS3035RES200mN2623800E3461200,CRS3035RES1000mN2623000E3461000,CRS3035RES2000mN2622000E3460000,1,0,17300,1,-1.1630964244833135,46.14479718710239,-1.1609053975577752,46.14684515251236,-1.1620009304470988,46.145821175388456
CRS3035RES200mN2623800E3461400,CRS3035RES1000mN2623000E3461000,CRS3035RES2000mN2622000E3460000,1,0,17300,4,-1.16053357866183,46.14506686859507,-1.1583424465765608,46.14711478287445,-1.1594380320467383,46.1460908313164
CRS3035RES200mN2623800E3461600,CRS3035RES1000mN2623000E3461000,CRS3035RES2000mN2622000E3460000,0,0,17300,14,-1.1579707097346694,46.145336488658195,-1.1557794724914763,46.147384351803865,-1.1568751105415993,46.146360425813214
CRS3035RES200mN2623800E3461800,CRS3035RES1000mN2623000E3461000,CRS3035RES2000mN2622000E3460000,0,0,17300,180,-1.1554078177066487,46.14560604729085,-1.1532164753073206,46.1476538592997,-1.1543121659364972,46.146629958877995
CRS3035RES200mN2623800E3462000,CRS3035RES1000mN2623000E3462000,CRS3035RES200mN2623800E3462000,0,0,17300,67,-1.152844902582563,46.14587554449213,-1.1506534550288998,46.14792330536106,-1.1517491982362265,46.1468994305099
CRS3035RES200mN2623800E3462200,CRS3035RES1000mN2623000E3462000,CRS3035RES200mN2623800E3462200,0,0,17300,181,-1.1502819643672173,46.146144980261184,-1.1480904116610167,46.14819268998709,-1.1491862074456012,46.147168840707984
CRS3035RES200mN2623800E3462400,CRS3035RES1000mN2623000E3462000,CRS3035RES200mN2623800E3462400,0,0,17300,365.5,-1.1477190030654196,46.146414354597106,-1.1455273452084862,46.14846201317687,-1.1466231935694144,46.14743818947139
CRS3035RES200mN2623800E3462600,CRS3035RES1000mN2623000E3462000,CRS3035RES200mN2623800E3462600,0,0,17300,159.5,-1.1451560186819756,46.14668366749901,-1.1429642556760984,46.14873127492953,-1.1440601566124846,46.14770747679921
CRS3035RES200mN2623800E3462800,CRS3035RES1000mN2623000E3462000,CRS3035RES200mN2623800E3462800,0,0,17300,63.5,-1.14259301122168,46.146952918965994,-1.1404011430686767,46.14900047524418,-1.141497096579611,46.147976702690585
CRS3035RES200mN2623800E3464400,CRS3035RES1000mN2623000E3464000,CRS3035RES1000mN2623000E3464000,0,0,17300,340,-1.1220881213497316,46.14910471893881,-1.1198954120846618,46.15115186588652,-1.1209917861594956,46.150128298002585
CRS3035RES200mN2623800E3464600,CRS3035RES1000mN2623000E3464000,CRS3035RES1000mN2623000E3464000,0,0,17300,120.5,-1.119524906414146,46.149373417451734,-1.117332092018209,46.151420513219136,-1.1184285186594585,46.150396970925904
CRS3035RES200mN2623800E3464800,CRS3035RES1000mN2623000E3464000,CRS3035RES1000mN2623000E3464000,0,0,17300,218,-1.1169616684497956,46.14964205452087,-1.1147687489247966,46.15168909910489,-1.115865228131555,46.1506655824039
CRS3035RES200mN2623800E3465000,CRS3035RES1000mN2623000E3465000,CRS3035RES1000mN2623000E3465000,1,0,"17300,17274",11.5,-1.1143984074614781,46.14991063014534,-1.112205382809238,46.15195762354288,-1.113301914580604,46.15093413243569
CRS3035RES200mN2624000E3461800,CRS3035RES1000mN2624000E3461000,CRS3035RES1000mN2624000E3461000,1,0,17300,26,-1.1557794724914763,46.147384351803865,-1.1535880798098654,46.149432170289714,-1.1546837955817482,46.14840826662955
CRS3035RES200mN2624000E3462200,CRS3035RES1000mN2624000E3462000,CRS3035RES1000mN2624000E3462000,0,0,17300,46,-1.1506534550288998,46.14792330536106,-1.1484618520210692,46.14997102156135,-1.1495576729580321,46.14894716904508
CRS3035RES200mN2624000E3462400,CRS3035RES1000mN2624000E3462000,CRS3035RES1000mN2624000E3462000,0,0,17300,183,-1.1480904116610167,46.14819268998709,-1.1458987034927794,46.15024035503992,-1.1469945770109267,46.14921652809793
CRS3035RES200mN2624000E3462600,CRS3035RES1000mN2624000E3462000,CRS3035RES1000mN2624000E3462000,0,0,17300,193,-1.1455273452084862,46.14846201317687,-1.1433355318816332,46.15050962707916,-1.1444314579800727,46.149485825712986
CRS3035RES200mN2624000E3462800,CRS3035RES1000mN2624000E3462000,CRS3035RES1000mN2624000E3462000,1,0,17300,8,-1.1429642556760984,46.14873127492953,-1.1407723371924472,46.15077883767816,-1.1418683158702727,46.149755061889365
CRS3035RES200mN2624000E3463600,CRS3035RES1000mN2624000E3463000,CRS3035RES1000mN2624000E3463000,1,0,17300,8,-1.1327116668442248,46.14980770755118,-1.1305193277513848,46.151855065654125,-1.1316155167377382,46.150831392190405
CRS3035RES200mN2624000E3463800,CRS3035RES1000mN2624000E3463000,CRS3035RES1000mN2624000E3463000,0,0,17300,146,-1.1301484619847033,46.15007666210491,-1.1279560177440804,46.152123969038676,-1.1290522593053096,46.15110032116009
CRS3035RES200mN2624000E3464000,CRS3035RES1000mN2624000E3464000,CRS3035RES1000mN2624000E3464000,0,0,17300,150.5,-1.1275852340741785,46.15034555521619,-1.125392684687584,46.15239281097767,-1.1264889788227828,46.151369188685784
CRS3035RES200mN2624000E3464200,CRS3035RES1000mN2624000E3464000,CRS3035RES1000mN2624000E3464000,0,0,17300,371.5,-1.1250219831174546,46.15061438688415,-1.1228293285866984,46.15266159147024,-1.1239256752949631,46.15163799476659
CRS3035RES200mN2624000E3464400,CRS3035RES1000mN2624000E3464000,CRS3035RES1000mN2624000E3464000,0,0,17300,365.5,-1.1224587091193488,46.150883157107884,-1.1202659494462373,46.15293031051546,-1.1213623487266615,46.15190673940162
CRS3035RES200mN2624000E3464600,CRS3035RES1000mN2624000E3464000,CRS3035RES1000mN2624000E3464000,0,0,17300,716,-1.1198954120846618,46.15115186588652,-1.1177025472710096,46.15319896811248,-1.1187989991226854,46.15217542258999
CRS3035RES200mN2624000E3464800,CRS3035RES1000mN2624000E3464000,CRS3035RES1000mN2624000E3464000,0,0,17300,148,-1.117332092018209,46.151420513219136,-1.1151391220658227,46.153467564260396,-1.1162356264878501,46.15244404433083
CRS3035RES200mN2624200E3461800,CRS3035RES1000mN2624000E3461000,CRS3035RES1000mN2624000E3461000,0,0,17300,310,-1.156151159060762,46.14916265249845,-1.153959716094006,46.15121047746242,-1.1550554570100275,46.15018657056322
CRS3035RES200mN2624200E3462400,CRS3035RES1000mN2624000E3462000,CRS3035RES1000mN2624000E3462000,0,0,17300,95,-1.1484618520210692,46.14997102156135,-1.1462700935386578,46.15201869308835,-1.1473659922154587,46.1509948629093
CRS3035RES200mN2624200E3462600,CRS3035RES1000mN2624000E3462000,CRS3035RES1000mN2624000E3462000,0,0,17300,56,-1.1458987034927794,46.15024035503992,-1.143706839842077,46.15228797541505,-1.144802791104011,46.15126417081248
CRS3035RES200mN2624200E3463200,CRS3035RES1000mN2624000E3463000,CRS3035RES1000mN2624000E3463000,0,0,17300,44,-1.1382091194300197,46.15104798683604,-1.1360169402852833,46.153095453736945,-1.137113049297186,46.15207172587315
CRS3035RES200mN2624200E3463400,CRS3035RES1000mN2624000E3463000,CRS3035RES1000mN2624000E3463000,0,0,17300,143,-1.135645878599161,46.151317074551926,-1.1334535942933568,46.153364490288524,-1.1345497558867776,46.15234078800744
CRS3035RES200mN2624200E3463600,CRS3035RES1000mN2624000E3463000,CRS3035RES1000mN2624000E3463000,0,0,17300,175,-1.1330826147046786,46.15158610082491,-1.130890225239613,46.15363346539412,-1.1319864394136503,46.152609788697276
CRS3035RES200mN2624200E3463800,CRS3035RES1000mN2624000E3463000,CRS3035RES1000mN2624000E3463000,0,0,17300,489,-1.1305193277513848,46.151855065654125,-1.128326833128864,46.15390237905283,-1.1294230998826087,46.152878727941804
CRS3035RES200mN2624200E3464000,CRS3035RES1000mN2624000E3464000,CRS3035RES1000mN2624000E3464000,0,0,17300,597,-1.1279560177440804,46.152123969038676,-1.1257634179659097,46.154171231263774,-1.1268597372984661,46.1531476057401
CRS3035RES200mN2624200E3464200,CRS3035RES1000mN2624000E3464000,CRS3035RES1000mN2624000E3464000,0,0,17300,434.5,-1.125392684687584,46.15239281097767,-1.1231999797555763,46.15444002202606,-1.1242963516660347,46.1534164220913
CRS3035RES200mN2624200E3464400,CRS3035RES1000mN2624000E3464000,CRS3035RES1000mN2624000E3464000,0,0,17300,112.5,-1.1228293285866984,46.15266159147024,-1.12063651850266,46.1547087513388,-1.1217329429901175,46.15368517699449
CRS3035RES200mN2624200E3464600,CRS3035RES1000mN2624000E3464000,CRS3035RES1000mN2624000E3464000,0,0,17300,44,-1.1202659494462373,46.15293031051546,-1.1180730342119831,46.15497741920111,-1.1191695112755295,46.153953870448824
CRS3035RES200mN2624400E3461600,CRS3035RES1000mN2624000E3461000,CRS3035RES1000mN2624000E3461000,0,0,17300,72,-1.1590860156375296,46.150671359849184,-1.1568946275679235,46.152719242433164,-1.1579903410359538,46.15169530672345
CRS3035RES200mN2624400E3461800,CRS3035RES1000mN2624000E3461000,CRS3035RES1000mN2624000E3461000,0,0,17300,169,-1.1565228774183114,46.15094094937481,-1.1543313841635428,46.15298878081801,-1.1554271502251394,46.15196487067923
CRS3035RES200mN2624400E3462000,CRS3035RES1000mN2624000E3462000,CRS3035RES1000mN2624000E3462000,0,0,17300,111,-1.153959716094006,46.15121047746242,-1.1517681176558754,46.15325825776178,-1.1528639363101414,46.15223437319547
CRS3035RES200mN2624400E3462400,CRS3035RES1000mN2624000E3462000,CRS3035RES1000mN2624000E3462000,0,0,17300,178,-1.1488333241493702,46.15174934932007,-1.1466415153499192,46.15379702732237,-1.1477374391868111,46.15277319390569
CRS3035RES200mN2624400E3462600,CRS3035RES1000mN2624000E3462000,CRS3035RES1000mN2624000E3462000,1,0,17300,15,-1.1462700935386578,46.15201869308835,-1.1440781795612343,46.154066319937435,-1.1451741559880968,46.15304251209793
CRS3035RES200mN2624400E3463200,CRS3035RES1000mN2624000E3463000,CRS3035RES1000mN2624000E3463000,1,0,17300,16,-1.1385802632105873,46.15282635574023,-1.1363880337101038,46.15487382911113,-1.1374841679014478,46.15385009801236
CRS3035RES200mN2624400E3463400,CRS3035RES1000mN2624000E3463000,CRS3035RES1000mN2624000E3463000,0,0,17300,123,-1.1360169402852833,46.153095453736945,-1.133824605614055,46.15514287594223,-1.13492079239176,46.15411917042683
CRS3035RES200mN2624400E3463600,CRS3035RES1000mN2624000E3463000,CRS3035RES1000mN2624000E3463000,0,0,17300,187,-1.1334535942933568,46.153364490288524,-1.1312611544531885,46.155411861325106,-1.132357393816346,46.15438818139461
CRS3035RES200mN2624400E3463800,CRS3035RES1000mN2624000E3463000,CRS3035RES1000mN2624000E3463000,0,0,17300,270.5,-1.130890225239613,46.15363346539412,-1.1286976802323114,46.15568078525889,-1.1297939721800168,46.15465713091485
CRS3035RES200mN2624400E3464000,CRS3035RES1000mN2624000E3464000,CRS3035RES1000mN2624000E3464000,0,0,17300,150.5,-1.128326833128864,46.15390237905283,-1.1261341829562341,46.15594964774266,-1.1272305274875873,46.15492601898666
CRS3035RES200mN2624400E3464200,CRS3035RES1000mN2624000E3464000,CRS3035RES1000mN2624000E3464000,0,0,17300,127.5,-1.1257634179659097,46.154171231263774,-1.1235706626297723,46.156218448775576,-1.1246670597438653,46.155194845609124
CRS3035RES200mN2624400E3464400,CRS3035RES1000mN2624000E3464000,CRS3035RES1000mN2624000E3464000,0,0,17300,124.5,-1.1231999797555763,46.15444002202606,-1.1210071192577284,46.156487188356735,-1.1221035689536594,46.155463610781396
CRS3035RES200mN2624400E3464600,CRS3035RES1000mN2624000E3464000,CRS3035RES1000mN2624000E3464000,0,0,17300,83.5,-1.12063651850266,46.1547087513388,-1.118443552844921,46.15675586648524,-1.119540055121782,46.15573231450258
CRS3035RES200mN2624600E3458600,CRS3035RES1000mN2624000E3458000,CRS3035RES2000mN2624000E3458000,1,1,17300,2,-1.1979033760702997,46.14839827300992,-1.1957135158572887,46.15044692883393,-1.1968084653837983,46.14942260649593
CRS3035RES200mN2624600E3459000,CRS3035RES1000mN2624000E3459000,CRS3035RES2000mN2624000E3458000,0,0,17300,42,-1.1927776066933706,46.14893925422639,-1.1905875360387335,46.15098780785633,-1.1916825907880313,46.14996353661647
CRS3035RES200mN2624600E3462000,CRS3035RES1000mN2624000E3462000,CRS3035RES1000mN2624000E3462000,0,0,17300,75,-1.1543313841635428,46.15298878081801,-1.1521397354248542,46.15503656759638,-1.1532355792309672,46.1540126797906
CRS3035RES200mN2624600E3462400,CRS3035RES1000mN2624000E3462000,CRS3035RES1000mN2624000E3462000,0,0,17300,132,-1.1492048280497316,46.153527673263504,-1.1470129689303608,46.15557535774217,-1.1481089179287798,46.154551521087335
CRS3035RES200mN2624600E3462600,CRS3035RES1000mN2624000E3462000,CRS3035RES1000mN2624000E3462000,0,0,17300,178.5,-1.1466415153499192,46.15379702732237,-1.144449551042902,46.15584466064652,-1.1455455526361324,46.1548208495695
CRS3035RES200mN2624600E3462800,CRS3035RES1000mN2624000E3462000,CRS3035RES1000mN2624000E3462000,0,0,17300,23,-1.1440781795612343,46.154066319937435,-1.14188611006839,46.156113902103996,-1.1429821642555191,46.155090116606324
CRS3035RES200mN2624600E3463400,CRS3035RES1000mN2624000E3463000,CRS3035RES1000mN2624000E3463000,0,0,17300,41,-1.1363880337101038,46.15487382911113,-1.134195648670565,46.15692125778623,-1.1352918606339932,46.155897549035956
CRS3035RES200mN2624600E3463600,CRS3035RES1000mN2624000E3463000,CRS3035RES1000mN2624000E3463000,0,0,17300,133,-1.133824605614055,46.15514287594223,-1.1316321153959015,46.15719025344728,-1.1327283799496197,46.15616657028258
CRS3035RES200mN2624600E3463800,CRS3035RES1000mN2624000E3463000,CRS3035RES1000mN2624000E3463000,0,0,17300,150.5,-1.1312611544531885,46.155411861325106,-1.1290685590582261,46.15745918765704,-1.13016487620133,46.15643553007944
CRS3035RES200mN2624600E3464000,CRS3035RES1000mN2624000E3464000,CRS3035RES1000mN2624000E3464000,0,0,17300,120,-1.1286976802323114,46.15568078525889,-1.126504979662347,46.15772806041457,-1.1276013493939379,46.15670442842565
CRS3035RES200mN2624600E3464200,CRS3035RES1000mN2624000E3464000,CRS3035RES1000mN2624000E3464000,1,0,17300,41,-1.1261341829562341,46.15594964774266,-1.1239413772130806,46.157996871719,-1.1250377995322505,46.15697326532032
CRS3035RES200mN2624600E3464400,CRS3035RES1000mN2624000E3464000,CRS3035RES1000mN2624000E3464000,0,0,17300,92.5,-1.1235706626297723,46.156218448775576,-1.1213777517152346,46.15826562156946,-1.122474226621077,46.157242040762554
CRS3035RES200mN2624600E3464600,CRS3035RES1000mN2624000E3464000,CRS3035RES1000mN2624000E3464000,1,0,"17300,17274",6.5,-1.1210071192577284,46.156487188356735,-1.1188141031736227,46.15853430996506,-1.1199106306652358,46.157510754751485
CRS3035RES200mN2624800E3459000,CRS3035RES1000mN2624000E3459000,CRS3035RES2000mN2624000E3458000,0,0,17300,83.5,-1.1931505375371874,46.15071739906012,-1.1909604167243297,46.15276595918989,-1.1920554965543066,46.151741684700134
CRS3035RES200mN2624800E3460000,CRS3035RES1000mN2624000E3460000,CRS3035RES200mN2624800E3460000,0,0,17300,38,-1.1803352983573512,46.152068828723564,-1.1781446514232798,46.15411713330723,-1.179239994318792,46.1530929865933
CRS3035RES200mN2624800E3460200,CRS3035RES1000mN2624000E3460000,CRS3035RES200mN2624800E3460200,0,0,17300,80,-1.1777721810391322,46.15233893035652,-1.1755814288861859,46.15438718382165,-1.1766768243921228,46.153363062667516
CRS3035RES200mN2624800E3460400,CRS3035RES1000mN2624000E3460000,CRS3035RES200mN2624800E3460400,0,0,17300,62,-1.1752090405713664,46.152608970554134,-1.1730181832013349,46.154657172897636,-1.174113631316803,46.15363307730488
CRS3035RES200mN2624800E3460600,CRS3035RES1000mN2624000E3460000,CRS3035RES200mN2624800E3460600,0,0,17300,22,-1.1726458769588652,46.15287894931554,-1.1704549143735403,46.15492710053429,-1.171550415097641,46.153903030504466
CRS3035RES200mN2624800E3461600,CRS3035RES1000mN2624000E3461000,CRS3035RES1000mN2624000E3461000,1,0,17300,9,-1.1598297118934362,46.15422792154826,-1.157638223258565,46.15627581709661,-1.1587339870123654,46.15525187490476
CRS3035RES200mN2624800E3461800,CRS3035RES1000mN2624000E3461000,CRS3035RES1000mN2624000E3461000,0,0,17300,162.5,-1.1572664095134073,46.1544975316737,-1.1550748156740136,46.15654537607866,-1.156170632031062,46.15552145945905
CRS3035RES200mN2624800E3462000,CRS3035RES1000mN2624000E3462000,CRS3035RES1000mN2624000E3462000,0,0,17300,21,-1.1547030840222785,46.15476708035669,-1.1525113849801611,46.156814873615176,-1.153607253939554,46.15579098256936
CRS3035RES200mN2624800E3462200,CRS3035RES1000mN2624000E3462000,CRS3035RES1000mN2624000E3462000,0,0,17300,52.5,-1.1521397354248542,46.15503656759638,-1.1499479311818195,46.15708430970523,-1.1510438527426603,46.156060444234775
CRS3035RES200mN2624800E3462400,CRS3035RES1000mN2624000E3462000,CRS3035RES1000mN2624000E3462000,0,0,17300,244.5,-1.1495763637259446,46.15530599339183,-1.147384454283793,46.15735368434799,-1.1484804284451704,46.156329844454426
CRS3035RES200mN2624800E3462600,CRS3035RES1000mN2624000E3462000,CRS3035RES1000mN2624000E3462000,0,0,17300,188,-1.1470129689303608,46.15557535774217,-1.1448209542908814,46.157622997542504,-1.1459169810519125,46.156599183227414
CRS3035RES200mN2624800E3463200,CRS3035RES1000mN2624000E3463000,CRS3035RES1000mN2624000E3463000,1,0,17300,4,-1.1393226460116208,46.15638308211369,-1.137130315791008,46.15843056842794,-1.1382265003455607,46.15740683085755
CRS3035RES200mN2624800E3463400,CRS3035RES1000mN2624000E3463000,CRS3035RES1000mN2624000E3463000,1,0,17300,7,-1.1367591588774117,46.156652200674735,-1.1345667234666954,46.15869963582073,-1.1356629606172794,46.15767592383502
CRS3035RES200mN2624800E3463600,CRS3035RES1000mN2624000E3463000,CRS3035RES1000mN2624000E3463000,0,0,17300,31,-1.134195648670565,46.15692125778623,-1.1320031080715587,46.158968641760865,-1.1330993978172739,46.1579449553614
CRS3035RES200mN2624800E3463800,CRS3035RES1000mN2624000E3463000,CRS3035RES1000mN2624000E3463000,0,0,17300,87,-1.1316321153959015,46.15719025344728,-1.1294394696104015,46.159237586247485,-1.1305358119503477,46.15821392543579
CRS3035RES200mN2624800E3464000,CRS3035RES1000mN2624000E3464000,CRS3035RES1000mN2624000E3464000,0,0,17300,143,-1.1290685590582261,46.15745918765704,-1.126875808088044,46.15950646927965,-1.1279722030213166,46.158482834057295
CRS3035RES200mN2624800E3464200,CRS3035RES1000mN2624000E3464000,CRS3035RES1000mN2624000E3464000,0,0,17300,96,-1.126504979662347,46.15772806041457,-1.1243121235092974,46.15977529085652,-1.1254085710349817,46.15875168122505
CRS3035RES200mN2624800E3464400,CRS3035RES1000mN2624000E3464000,CRS3035RES1000mN2624000E3464000,0,0,17300,109.5,-1.1239413772130806,46.157996871719,-1.1217484158789701,46.1600440509772,-1.1228449159961724,46.159020466938166
CRS3035RES200mN2624800E3464600,CRS3035RES1000mN2624000E3464000,CRS3035RES1000mN2624000E3464000,1,0,"17274,17300",2,-1.1213777517152346,46.15826562156946,-1.1191846852018743,46.160312749640774,-1.1202812379096851,46.15928919119573
CRS3035RES200mN2625000E3459600,CRS3035RES1000mN2625000E3459000,CRS3035RES2000mN2624000E3458000,1,0,17300,8,-1.1858341801000145,46.153306613142334,-1.1836436934189414,46.15535502645077,-1.1847389561875488,46.154330825373364
CRS3035RES200mN2625000E3459800,CRS3035RES1000mN2625000E3459000,CRS3035RES2000mN2624000E3458000,0,0,17300,150.5,-1.1832710270349942,46.153576847966676,-1.1810804351217898,46.155625210161496,-1.1821757505074568,46.154601034641445
CRS3035RES200mN2625000E3460000,CRS3035RES1000mN2625000E3460000,CRS3035RES1000mN2625000E3460000,1,0,17300,6,-1.1807078508078166,46.15384702135529,-1.1785171536642653,46.155895332433346,-1.179612521666087,46.15487118247223
CRS3035RES200mN2625000E3460200,CRS3035RES1000mN2625000E3460000,CRS3035RES1000mN2625000E3460000,1,0,17300,27,-1.1781446514232798,46.15411713330723,-1.1759538490511707,46.15616539326543,-1.1770492696682546,46.1551412688648
CRS3035RES200mN2625000E3460400,CRS3035RES1000mN2625000E3460000,CRS3035RES1000mN2625000E3460000,0,0,17300,130.5,-1.1755814288861859,46.15438718382165,-1.173390521287305,46.156435392656896,-1.1744859945187625,46.1554112938183
CRS3035RES200mN2625000E3460800,CRS3035RES1000mN2625000E3460000,CRS3035RES1000mN2625000E3460000,0,0,17300,76.5,-1.1704549143735403,46.15492710053429,-1.1682637963265097,46.15697520711427,-1.1693593747840156,46.155951159404424
CRS3035RES200mN2625000E3461000,CRS3035RES1000mN2625000E3461000,CRS3035RES1000mN2625000E3461000,0,0,17300,134,-1.167891622407603,46.15519696673073,-1.1657003991391852,46.15724502217845,-1.1667960302083709,46.15622100003528
CRS3035RES200mN2625000E3461200,CRS3035RES1000mN2625000E3461000,CRS3035RES1000mN2625000E3461000,0,0,17300,136,-1.1653283073083325,46.15546677148608,-1.1631369788203212,46.15751477579841,-1.1642326625002895,46.15649077922348
CRS3035RES200mN2625000E3461400,CRS3035RES1000mN2625000E3461000,CRS3035RES1000mN2625000E3461000,0,0,17300,28,-1.1627649690805293,46.15573651479944,-1.1605735353747233,46.157784467973265,-1.161669271664574,46.15676049696814
CRS3035RES200mN2625000E3461600,CRS3035RES1000mN2625000E3461000,CRS3035RES1000mN2625000E3461000,1,0,17300,1,-1.1602016077290043,46.156006196669914,-1.1580100688072004,46.15805409870215,-1.1591058577060354,46.15703015326836
CRS3035RES200mN2625000E3461800,CRS3035RES1000mN2625000E3461000,CRS3035RES1000mN2625000E3461000,0,0,17300,200,-1.157638223258565,46.15627581709661,-1.155446579122557,46.15832366798414,-1.156542420629479,46.15729974812327
CRS3035RES200mN2625000E3462000,CRS3035RES1000mN2625000E3462000,CRS3035RES200mN2625000E3462000,0,0,17300,235,-1.1550748156740136,46.15654537607866,-1.1528830663256036,46.15859317581838,-1.1539789604397157,46.15756928153197
CRS3035RES200mN2625000E3462200,CRS3035RES1000mN2625000E3462000,CRS3035RES200mN2625000E3462200,0,0,17300,106.5,-1.1525113849801611,46.156814873615176,-1.1503195304211506,46.158862622203955,-1.1514154771415515,46.15783875349356
CRS3035RES200mN2625000E3462400,CRS3035RES1000mN2625000E3462000,CRS3035RES200mN2625000E3462400,0,0,17300,242,-1.1499479311818195,46.15708430970523,-1.1477559714140089,46.159132007139995,-1.1488519707397837,46.15810816400716
CRS3035RES200mN2625000E3462600,CRS3035RES1000mN2625000E3462000,CRS3035RES200mN2625000E3462600,0,0,17300,246.5,-1.147384454283793,46.15735368434799,-1.1451923893089777,46.15940133062559,-1.146288441239241,46.1583775130719
CRS3035RES200mN2625000E3462800,CRS3035RES1000mN2625000E3462000,CRS3035RES200mN2625000E3462800,0,0,17300,56,-1.1448209542908814,46.157622997542504,-1.142628784110877,46.15967059265988,-1.1437248886447255,46.15864680068686
CRS3035RES200mN2625000E3463000,CRS3035RES1000mN2625000E3463000,CRS3035RES200mN2625000E3463000,0,0,17300,211,-1.1422574312079137,46.15789224928793,-1.1400651558245116,46.15993979324196,-1.1411613129610387,46.15891602685116
CRS3035RES200mN2625000E3463200,CRS3035RES1000mN2625000E3463000,CRS3035RES200mN2625000E3463200,0,0,17300,37,-1.1396938850396836,46.15816143958338,-1.1375015044546948,46.160208932370935,-1.138597714193002,46.15918519156393
CRS3035RES200mN2625000E3463400,CRS3035RES1000mN2625000E3463000,CRS3035RES200mN2625000E3463400,0,0,17300,233,-1.137130315791008,46.15843056842794,-1.1349378300062356,46.16047801004594,-1.1360340923454197,46.15945429482426
CRS3035RES200mN2625000E3463600,CRS3035RES1000mN2625000E3463000,CRS3035RES200mN2625000E3463600,0,0,17300,148,-1.1345667234666954,46.15869963582073,-1.132374132483948,46.16074702626608,-1.1334704474230992,46.159723336631274
CRS3035RES200mN2625000E3463800,CRS3035RES1000mN2625000E3463000,CRS3035RES200mN2625000E3463800,0,0,17300,344,-1.1320031080715587,46.158968641760865,-1.129810411892641,46.16101598103044,-1.1309067794308625,46.15999231698409
CRS3035RES200mN2625000E3464000,CRS3035RES1000mN2625000E3464000,CRS3035RES1000mN2625000E3464000,0,0,17300,32.5,-1.1294394696104015,46.159237586247485,-1.127246668237125,46.161284874338165,-1.1283430883735166,46.1602612358818
CRS3035RES200mN2625000E3464200,CRS3035RES1000mN2625000E3464000,CRS3035RES1000mN2625000E3464000,0,0,17300,38,-1.126875808088044,46.15950646927965,-1.1246829015222168,46.16155370618836,-1.125779374255866,46.160530093323544
CRS3035RES200mN2625000E3464400,CRS3035RES1000mN2625000E3464000,CRS3035RES1000mN2625000E3464000,0,0,17300,89,-1.1243121235092974,46.15977529085652,-1.1221191117527307,46.16182247658014,-1.1232156370827322,46.16079888930842
CRS3035RES200mN2625200E3459400,CRS3035RES1000mN2625000E3459000,CRS3035RES2000mN2624000E3458000,1,0,17300,5,-1.1887701405129034,46.15481447471628,-1.186579708882469,46.15686294563466,-1.1876749441263335,46.155838715751756
CRS3035RES200mN2625200E3459600,CRS3035RES1000mN2625000E3459000,CRS3035RES2000mN2624000E3458000,0,0,17300,232,-1.1862069285509156,46.15508478130206,-1.1840163916768711,46.15713320110861,-1.1851116795435328,46.15610899678217
CRS3035RES200mN2625200E3459800,CRS3035RES1000mN2625000E3459000,CRS3035RES2000mN2624000E3458000,0,0,17300,347,-1.1836436934189414,46.15535502645077,-1.1814530513030825,46.15740339514234,-1.18254839179164,46.15637921637395
CRS3035RES200mN2625200E3460000,CRS3035RES1000mN2625000E3460000,CRS3035RES1000mN2625000E3460000,0,0,17300,252,-1.1810804351217898,46.155625210161496,-1.1788896877659027,46.157673527735014,-1.1799850808754586,46.1566493745262
CRS3035RES200mN2625200E3460200,CRS3035RES1000mN2625000E3460000,CRS3035RES1000mN2625000E3460000,0,0,17300,311.5,-1.1785171536642653,46.155895332433346,-1.1763263010701341,46.15794359888571,-1.1774217467997996,46.15691947123801
CRS3035RES200mN2625200E3460400,CRS3035RES1000mN2625000E3460000,CRS3035RES1000mN2625000E3460000,0,0,17300,464.5,-1.1759538490511707,46.15616539326543,-1.1737628912205889,46.158213608593535,-1.1748583895694673,46.15718950650854
CRS3035RES200mN2625200E3460600,CRS3035RES1000mN2625000E3460000,CRS3035RES1000mN2625000E3460000,0,0,17300,89,-1.173390521287305,46.156435392656896,-1.17119945822207,46.158483556857604,-1.1722950091892625,46.157459480336854
CRS3035RES200mN2625200E3460800,CRS3035RES1000mN2625000E3460000,CRS3035RES1000mN2625000E3460000,0,0,17300,127,-1.1708271703774853,46.1567053306068,-1.168636002079386,46.15875344367703,-1.169731605663991,46.157729392722075
CRS3035RES200mN2625200E3461000,CRS3035RES1000mN2625000E3461000,CRS3035RES1000mN2625000E3461000,0,0,17300,179.5,-1.1682637963265097,46.15697520711427,-1.166072522797335,46.15902326905091,-1.167168178998467,46.157999243663326
CRS3035RES200mN2625200E3461200,CRS3035RES1000mN2625000E3461000,CRS3035RES1000mN2625000E3461000,0,0,17300,230.5,-1.1657003991391852,46.15724502217845,-1.1635090203807437,46.159293032978375,-1.1646047291974941,46.15826903315968
CRS3035RES200mN2625200E3461400,CRS3035RES1000mN2625000E3461000,CRS3035RES1000mN2625000E3461000,0,0,17300,213,-1.1631369788203212,46.15751477579841,-1.1609454948343998,46.15956273545853,-1.162041256265877,46.15853876121028
CRS3035RES200mN2625200E3461600,CRS3035RES1000mN2625000E3461000,CRS3035RES1000mN2625000E3461000,0,0,17300,38.5,-1.1605735353747233,46.157784467973265,-1.158381946163121,46.15983237649046,-1.159477760208423,46.158808427814236
CRS3035RES200mN2625200E3461800,CRS3035RES1000mN2625000E3461000,CRS3035RES1000mN2625000E3461000,0,0,17300,199.5,-1.1580100688072004,46.15805409870215,-1.1558183743717125,46.16010195607331,-1.1569142410299427,46.159078032970655
CRS3035RES200mN2625200E3462000,CRS3035RES1000mN2625000E3462000,CRS3035RES200mN2625200E3462000,0,0,17300,384.5,-1.155446579122557,46.15832366798414,-1.153254779464984,46.16037147420619,-1.1543506987352448,46.159347576678634
CRS3035RES200mN2625200E3462200,CRS3035RES1000mN2625000E3462000,CRS3035RES200mN2625200E3462200,0,0,17300,438.5,-1.1528830663256036,46.15859317581838,-1.1506911614477515,46.16064093088818,-1.1517871333291372,46.15961705893731
CRS3035RES200mN2625200E3462400,CRS3035RES1000mN2625000E3462000,CRS3035RES200mN2625200E3462400,0,0,17300,275,-1.1503195304211506,46.158862622203955,-1.1481275203248167,46.160910326118405,-1.1492235448164254,46.159886479745765
CRS3035RES200mN2625200E3462600,CRS3035RES1000mN2625000E3462000,CRS3035RES200mN2625200E3462600,0,0,17300,202.5,-1.1477559714140089,46.159132007139995,-1.1455638561009853,46.161179659896,-1.1466599332019247,46.16015583910311
CRS3035RES200mN2625200E3462800,CRS3035RES1000mN2625000E3462000,CRS3035RES200mN2625200E3462800,0,0,17300,191.5,-1.1451923893089777,46.15940133062559,-1.1430001687810791,46.16144893222003,-1.1440962984904428,46.1604251370085
CRS3035RES200mN2625200E3463000,CRS3035RES1000mN2625000E3463000,CRS3035RES200mN2625200E3463000,0,0,17300,27,-1.142628784110877,46.15967059265988,-1.1404364583699038,46.161718143089644,-1.1415326406867852,46.16069437346101
CRS3035RES200mN2625200E3463200,CRS3035RES1000mN2625000E3463000,CRS3035RES200mN2625200E3463200,0,0,17300,143,-1.1400651558245116,46.15993979324196,-1.1378727248722684,46.16198729250395,-1.1389689597957724,46.16096354845975
CRS3035RES200mN2625200E3463400,CRS3035RES1000mN2625000E3463000,CRS3035RES200mN2625200E3463400,0,0,17300,219,-1.1375015044546948,46.160208932370935,-1.1353089682929867,46.162256380462075,-1.1364052558222097,46.16123266200384
CRS3035RES200mN2625200E3463600,CRS3035RES1000mN2625000E3463000,CRS3035RES200mN2625200E3463600,0,0,17300,119.5,-1.1349378300062356,46.16047801004594,-1.1327451886368738,46.16252540696308,-1.1338415287709052,46.16150171409242
CRS3035RES200mN2625200E3463800,CRS3035RES1000mN2625000E3463000,CRS3035RES200mN2625200E3463800,0,0,17300,111,-1.132374132483948,46.16074702626608,-1.1301813859087344,46.162794372006125,-1.1312777786466737,46.16177070472454
CRS3035RES200mN2625200E3464000,CRS3035RES1000mN2625000E3464000,CRS3035RES1000mN2625000E3464000,0,0,17300,102.5,-1.129810411892641,46.16101598103044,-1.1276175601133835,46.16306327559028,-1.1287140054543339,46.16203963389937
CRS3035RES200mN2625200E3464200,CRS3035RES1000mN2625000E3464000,CRS3035RES1000mN2625000E3464000,1,0,17300,24.5,-1.127246668237125,46.161284874338165,-1.1250537112556385,46.16333211771472,-1.1261502091986868,46.16230850161599
CRS3035RES200mN2625200E3464400,CRS3035RES1000mN2625000E3464000,CRS3035RES1000mN2625000E3464000,0,0,17300,171.5,-1.1246829015222168,46.16155370618836,-1.1224898393403127,46.16360089837849,-1.123586389884551,46.16257730787354
CRS3035RES200mN2625200E3464600,CRS3035RES1000mN2625000E3464000,CRS3035RES1000mN2625000E3464000,1,0,"17274,17300",20,-1.1221191117527307,46.16182247658014,-1.119925944372215,46.16386961758075,-1.121022547516745,46.1628460526711
CRS3035RES200mN2625400E3459400,CRS3035RES1000mN2625000E3459000,CRS3035RES2000mN2624000E3458000,1,0,17300,27,-1.1891430029150654,46.15659262872141,-1.186952521098493,46.158641106140344,-1.188047781436996,46.1576168730072
CRS3035RES200mN2625400E3459600,CRS3035RES1000mN2625000E3459000,CRS3035RES2000mN2624000E3458000,0,0,17300,274,-1.186579708882469,46.15686294563466,-1.1843891218126004,46.15891137194043,-1.1854844347787414,46.15788716436441
CRS3035RES200mN2625400E3459800,CRS3035RES1000mN2625000E3459000,CRS3035RES2000mN2624000E3458000,0,0,17300,259,-1.1840163916768711,46.15713320110861,-1.1818256993555052,46.1591815762981,-1.1829210649483841,46.158157394280764
CRS3035RES200mN2625400E3460000,CRS3035RES1000mN2625000E3460000,CRS3035RES1000mN2625000E3460000,0,0,17300,204.5,-1.1814530513030825,46.15740339514234,-1.1792622537319986,46.15945171921247,-1.180357671950717,46.158427562755385
CRS3035RES200mN2625400E3460200,CRS3035RES1000mN2625000E3460000,CRS3035RES1000mN2625000E3460000,0,0,17300,104,-1.1788896877659027,46.157673527735014,-1.1766987849468944,46.15972180068267,-1.1777942557905616,46.15869766978737
CRS3035RES200mN2625400E3460400,CRS3035RES1000mN2625000E3460000,CRS3035RES1000mN2625000E3460000,0,0,17300,155,-1.1763263010701341,46.15794359888571,-1.1741352930049922,46.15999182070777,-1.1752308164727194,46.158967715375816
CRS3035RES200mN2625400E3460600,CRS3035RES1000mN2625000E3460000,CRS3035RES1000mN2625000E3460000,0,0,17300,113.5,-1.1737628912205889,46.158213608593535,-1.1715717779111074,46.16026177928689,-1.172667354001988,46.15923769951984
CRS3035RES200mN2625400E3460800,CRS3035RES1000mN2625000E3460000,CRS3035RES1000mN2625000E3460000,0,0,17300,173.5,-1.17119945822207,46.158483556857604,-1.1690082396700392,46.16053167641916,-1.170103868383178,46.15950762221856
CRS3035RES200mN2625400E3461000,CRS3035RES1000mN2625000E3461000,CRS3035RES1000mN2625000E3461000,0,0,17300,236,-1.168636002079386,46.15875344367703,-1.1664446782866,46.16080151210366,-1.1675403596211034,46.15977748347109
CRS3035RES200mN2625400E3461200,CRS3035RES1000mN2625000E3461000,CRS3035RES1000mN2625000E3461000,0,0,17300,240.5,-1.166072522797335,46.15902326905091,-1.1638810937655972,46.16107128633955,-1.1649768277205663,46.160047283276505
CRS3035RES200mN2625400E3461400,CRS3035RES1000mN2625000E3461000,CRS3035RES1000mN2625000E3461000,0,0,17300,472,-1.1635090203807437,46.159293032978375,-1.1613174861118383,46.16134099912588,-1.1624132726863747,46.160317021633965
CRS3035RES200mN2625400E3461600,CRS3035RES1000mN2625000E3461000,CRS3035RES1000mN2625000E3461000,0,0,17300,285,-1.1609454948343998,46.15956273545853,-1.1587538553301304,46.161610650461796,-1.1598496945233356,46.160586698542566
CRS3035RES200mN2625400E3461800,CRS3035RES1000mN2625000E3461000,CRS3035RES1000mN2625000E3461000,0,0,17300,28,-1.158381946163121,46.15983237649046,-1.1561902014252827,46.1618802403464,-1.1572860932362568,46.160856314001386
CRS3035RES200mN2625400E3462000,CRS3035RES1000mN2625000E3462000,CRS3035RES200mN2625400E3462000,0,0,17300,198,-1.1558183743717125,46.16010195607331,-1.1536265244021104,46.1621497687788,-1.1547224688299549,46.16112586800956
CRS3035RES200mN2625400E3462200,CRS3035RES1000mN2625000E3462000,CRS3035RES200mN2625400E3462200,0,0,17300,304.5,-1.153254779464984,46.16037147420619,-1.1510628242654166,46.16241923575811,-1.1521588213092293,46.1613953605662
CRS3035RES200mN2625400E3462400,CRS3035RES1000mN2625000E3462000,CRS3035RES200mN2625400E3462400,0,0,17300,455,-1.1506911614477515,46.16064093088818,-1.1484991010200192,46.16268864128344,-1.149595150678891,46.16166479167042
CRS3035RES200mN2625400E3462600,CRS3035RES1000mN2625000E3462000,CRS3035RES200mN2625400E3462600,0,0,17300,430,-1.1481275203248167,46.160910326118405,-1.1459353546707134,46.16295798535391,-1.1470314569437599,46.16193416132132
CRS3035RES200mN2625400E3462800,CRS3035RES1000mN2625000E3462000,CRS3035RES200mN2625400E3462800,0,0,17300,291,-1.1455638561009853,46.161179659896,-1.1433715852223252,46.16322726796861,-1.14446774010864,46.16220346951801
CRS3035RES200mN2625400E3463000,CRS3035RES1000mN2625000E3463000,CRS3035RES200mN2625400E3463000,0,0,17300,100.5,-1.1430001687810791,46.16144893222003,-1.140807792679661,46.16349648912668,-1.141904000178336,46.16247271625963
CRS3035RES200mN2625400E3463200,CRS3035RES1000mN2625000E3463000,CRS3035RES200mN2625400E3463200,0,0,17300,217,-1.1404364583699038,46.161718143089644,-1.138243977047534,46.16376564882721,-1.1393402371576724,46.162741901545246
CRS3035RES200mN2625400E3463400,CRS3035RES1000mN2625000E3463000,CRS3035RES200mN2625400E3463400,0,0,17300,182,-1.1378727248722684,46.16198729250395,-1.135680138330752,46.164034747069316,-1.1367764510514473,46.163011025374
CRS3035RES200mN2625400E3463600,CRS3035RES1000mN2625000E3463000,CRS3035RES200mN2625400E3463600,0,0,17300,45,-1.1353089682929867,46.162256380462075,-1.1331162765341287,46.164303783852105,-1.1342126418644807,46.163280087745015
CRS3035RES200mN2625400E3463800,CRS3035RES1000mN2625000E3463000,CRS3035RES200mN2625400E3463800,0,0,17300,33,-1.1327451886368738,46.16252540696308,-1.1305523916624811,46.16457275917471,-1.1316488096015818,46.163549088657376
CRS3035RES200mN2625400E3464000,CRS3035RES1000mN2625000E3464000,CRS3035RES1000mN2625000E3464000,0,0,17300,228,-1.1301813859087344,46.162794372006125,-1.127988483720618,46.16484167303624,-1.1290849542675672,46.163818028110214
CRS3035RES200mN2625400E3464200,CRS3035RES1000mN2625000E3464000,CRS3035RES1000mN2625000E3464000,0,0,17300,187.5,-1.1276175601133835,46.16306327559028,-1.125424552713361,46.16511052543578,-1.1265210758672461,46.164086906102625
CRS3035RES200mN2625400E3464400,CRS3035RES1000mN2625000E3464000,CRS3035RES1000mN2625000E3464000,0,0,17300,219,-1.1250537112556385,46.16333211771472,-1.1228605986455116,46.16537931637246,-1.1239571744054355,46.16435572263373
CRS3035RES200mN2625400E3464600,CRS3035RES1000mN2625000E3464000,CRS3035RES1000mN2625000E3464000,0,0,"17300,17274",49,-1.1224898393403127,46.16360089837849,-1.1202966215218912,46.165648045845415,-1.121393249886943,46.16462447770264
CRS3035RES200mN2625400E3464800,CRS3035RES1000mN2625000E3464000,CRS3035RES1000mN2625000E3464000,0,0,"17274,17300",42.5,-1.119925944372215,46.16386961758075,-1.1177326213473153,46.16591671385372,-1.1188293023165898,46.16489317130848
CRS3035RES200mN2625600E3458200,CRS3035RES1000mN2625000E3458000,CRS3035RES2000mN2624000E3458000,1,1,17300,5,-1.2048956669021815,46.156747525227146,-1.2027057665119967,46.15879631576924,-1.2038007361329472,46.15777192607121
CRS3035RES200mN2625600E3458400,CRS3035RES1000mN2625000E3458000,CRS3035RES2000mN2624000E3458000,0,1,17300,34,-1.2023324299493032,46.157018221099136,-1.200142424285427,46.159066960545395,-1.2012374465442137,46.158042596395845
CRS3035RES200mN2625600E3459600,CRS3035RES1000mN2625000E3459000,CRS3035RES2000mN2624000E3458000,0,0,17300,80,-1.186952521098493,46.158641106140344,-1.1847618838299458,46.16068953894641,-1.1858572218969927,46.15966532812027
CRS3035RES200mN2625600E3459800,CRS3035RES1000mN2625000E3459000,CRS3035RES2000mN2624000E3458000,0,0,17300,248,-1.1843891218126004,46.15891137194043,-1.182198379282871,46.16095975362893,-1.1832937699814996,46.15993556836212
CRS3035RES200mN2625600E3460000,CRS3035RES1000mN2625000E3460000,CRS3035RES1000mN2625000E3460000,0,0,17300,384.5,-1.1818256993555052,46.1591815762981,-1.1796348515663728,46.16122990686592,-1.1807302948956835,46.160205747160006
CRS3035RES200mN2625600E3460200,CRS3035RES1000mN2625000E3460000,CRS3035RES1000mN2625000E3460000,0,0,17300,354.5,-1.1792622537319986,46.15945171921247,-1.1770713006852556,46.16149999865651,-1.1781667966443623,46.160475864513046
CRS3035RES200mN2625600E3460400,CRS3035RES1000mN2625000E3460000,CRS3035RES1000mN2625000E3460000,0,0,17300,147.5,-1.1766987849468944,46.15972180068267,-1.17450772664433,46.16177002899979,-1.1756032752323342,46.160745920420325
CRS3035RES200mN2625600E3460600,CRS3035RES1000mN2625000E3460000,CRS3035RES1000mN2625000E3460000,0,0,17300,181,-1.1741352930049922,46.15999182070777,-1.1719441294484065,46.16203999789487,-1.1730397306644065,46.16101591488098
CRS3035RES200mN2625600E3460800,CRS3035RES1000mN2625000E3460000,CRS3035RES1000mN2625000E3460000,0,0,17300,302.5,-1.1715717779111074,46.16026177928689,-1.1693805091022846,46.16230990534089,-1.17047616294539,46.161285847894106
CRS3035RES200mN2625600E3461000,CRS3035RES1000mN2625000E3461000,CRS3035RES1000mN2625000E3461000,0,0,17300,317,-1.1690082396700392,46.16053167641916,-1.166816865610778,46.16257975133694,-1.1679125720800885,46.16155571945881
CRS3035RES200mN2625600E3461200,CRS3035RES1000mN2625000E3461000,CRS3035RES1000mN2625000E3461000,0,0,17300,228,-1.1664446782866,46.16080151210366,-1.1642531989786975,46.16284953588211,-1.1653489580733145,46.16182552957421
CRS3035RES200mN2625600E3461400,CRS3035RES1000mN2625000E3461000,CRS3035RES1000mN2625000E3461000,0,0,17300,162.5,-1.1638810937655972,46.16107128633955,-1.1616895092108455,46.16311925897555,-1.162785320929877,46.16209527823941
CRS3035RES200mN2625600E3461600,CRS3035RES1000mN2625000E3461000,CRS3035RES1000mN2625000E3461000,0,0,17300,214,-1.1613174861118383,46.16134099912588,-1.1591257963120392,46.16338892061633,-1.1602216606545757,46.162364965453534
CRS3035RES200mN2625600E3461800,CRS3035RES1000mN2625000E3461000,CRS3035RES1000mN2625000E3461000,1,0,17300,23,-1.1587538553301304,46.161610650461796,-1.1565620602870808,46.1636585208036,-1.1576579772522317,46.16263459121567
CRS3035RES200mN2625600E3462000,CRS3035RES1000mN2625000E3462000,CRS3035RES200mN2625600E3462000,0,0,17300,21,-1.1561902014252827,46.1618802403464,-1.153998301140783,46.163928059536424,-1.1550942707276448,46.16290415552495
CRS3035RES200mN2625600E3462200,CRS3035RES1000mN2625000E3462000,CRS3035RES200mN2625600E3462200,0,0,17300,279.5,-1.1536265244021104,46.1621497687788,-1.1514345188779576,46.16419753681396,-1.1525305410856306,46.16317365838045
CRS3035RES200mN2625600E3462400,CRS3035RES1000mN2625000E3462000,CRS3035RES200mN2625600E3462400,0,0,17300,411,-1.1510628242654166,46.16241923575811,-1.1488707135034153,46.16446695263529,-1.149966788330996,46.16344309978133
CRS3035RES200mN2625600E3462600,CRS3035RES1000mN2625000E3462000,CRS3035RES200mN2625600E3462600,0,0,17300,316,-1.1484991010200192,46.16268864128344,-1.1463068850219589,46.16473630699954,-1.147403012468555,46.16371247972667
CRS3035RES200mN2625600E3462800,CRS3035RES1000mN2625000E3462000,CRS3035RES200mN2625600E3462800,0,0,17300,65.5,-1.1459353546707134,46.16295798535391,-1.1437430334384164,46.16500559990581,-1.144839213503117,46.163981798215595
CRS3035RES200mN2625600E3463000,CRS3035RES1000mN2625000E3463000,CRS3035RES200mN2625600E3463000,0,0,17300,387,-1.1433715852223252,46.16322726796861,-1.141179158757584,46.16527483135322,-1.1422753914394916,46.1642510552472
CRS3035RES200mN2625600E3463200,CRS3035RES1000mN2625000E3463000,CRS3035RES200mN2625600E3463200,0,0,17300,157,-1.140807792679661,46.16349648912668,-1.1386152609842848,46.16554400134087,-1.1397115462824936,46.164520250820615
CRS3035RES200mN2625600E3463400,CRS3035RES1000mN2625000E3463000,CRS3035RES200mN2625600E3463400,0,0,17300,132.5,-1.138243977047534,46.16376564882721,-1.1360513401233234,46.16581310986788,-1.1371476780369363,46.16478938493494
CRS3035RES200mN2625600E3463600,CRS3035RES1000mN2625000E3463000,CRS3035RES200mN2625600E3463600,0,0,17300,160.5,-1.135680138330752,46.164034747069316,-1.1334873961795213,46.16608215693337,-1.1345837867076287,46.1650584575893
CRS3035RES200mN2625600E3463800,CRS3035RES1000mN2625000E3463000,CRS3035RES200mN2625600E3463800,0,0,17300,44.5,-1.1331162765341287,46.164303783852105,-1.130923429157683,46.166351142536435,-1.1320198722993813,46.16532746878278
CRS3035RES200mN2625600E3464000,CRS3035RES1000mN2625000E3464000,CRS3035RES1000mN2625000E3464000,0,0,17300,247.5,-1.1305523916624811,46.16457275917471,-1.1283594390626268,46.16662006667621,-1.1294559348170161,46.16559641851451
CRS3035RES200mN2625600E3464200,CRS3035RES1000mN2625000E3464000,CRS3035RES1000mN2625000E3464000,0,0,17300,362.5,-1.127988483720618,46.16484167303624,-1.125795425899168,46.16688892935178,-1.1268919742653405,46.165865306783616
CRS3035RES200mN2625600E3464400,CRS3035RES1000mN2625000E3464000,CRS3035RES1000mN2625000E3464000,0,0,17300,92,-1.125424552713361,46.16511052543578,-1.1232313896721222,46.16715773056227,-1.1243279906491679,46.16613413358919
CRS3035RES200mN2625600E3464600,CRS3035RES1000mN2625000E3464000,CRS3035RES1000mN2625000E3464000,0,0,17300,92,-1.1228605986455116,46.16537931637246,-1.1206673303863,46.167426470306815,-1.1217639839733171,46.16640289893036
CRS3035RES200mN2625600E3464800,CRS3035RES1000mN2625000E3464000,CRS3035RES1000mN2625000E3464000,0,0,"17300,17274",150.5,-1.1202966215218912,46.165648045845415,-1.1181032480465178,46.16769514858448,-1.1191999542426003,46.166671602806204
CRS3035RES200mN2625600E3465000,CRS3035RES1000mN2625000E3465000,CRS3035RES1000mN2625000E3465000,0,0,"17300,17274",144.5,-1.1177326213473153,46.16591671385372,-1.1155391426575934,46.167963765394425,-1.116635901461833,46.1669402452159
CRS3035RES200mN2625800E3458400,CRS3035RES1000mN2625000E3458000,CRS3035RES2000mN2624000E3458000,1,1,17300,6,-1.2027057665119967,46.15879631576924,-1.2005157107047104,46.16084506172478,-1.2016107580367719,46.15982069432061
CRS3035RES200mN2625800E3458600,CRS3035RES1000mN2625000E3458000,CRS3035RES2000mN2624000E3458000,1,1,17300,5,-1.200142424285427,46.159066960545395,-1.1979522631965454,46.16111565540073,-1.1990473631703904,46.16009131354723
CRS3035RES200mN2625800E3458800,CRS3035RES1000mN2625000E3458000,CRS3035RES2000mN2624000E3458000,1,1,17300,3,-1.1975790588557995,46.1593375438823,-1.1953887924871072,46.161386187634264,-1.1964839451018452,46.16036187133299
CRS3035RES200mN2625800E3459000,CRS3035RES1000mN2625000E3459000,CRS3035RES2000mN2624000E3458000,1,0,17300,1,-1.1950156702279187,46.15960806577902,-1.192825298581198,46.16165665842455,-1.1939205038359386,46.16063236767704
CRS3035RES200mN2625800E3459200,CRS3035RES1000mN2625000E3459000,CRS3035RES2000mN2624000E3458000,1,0,17300,5,-1.1924522584065855,46.159878526234685,-1.1902617814836338,46.161927067770655,-1.1913570393774733,46.16090280257848
CRS3035RES200mN2625800E3459600,CRS3035RES1000mN2625000E3459000,CRS3035RES2000mN2624000E3458000,0,0,17300,90.5,-1.1873253652027997,46.16041926281928,-1.1851346777327194,46.162467702126776,-1.1862300409020985,46.16144348804996
CRS3035RES200mN2625800E3459800,CRS3035RES1000mN2625000E3459000,CRS3035RES2000mN2624000E3458000,0,0,17300,81,-1.1847618838299458,46.16068953894641,-1.1825710910889953,46.16273792713504,-1.1836665068948018,46.1617137386182
CRS3035RES200mN2625800E3460000,CRS3035RES1000mN2625000E3460000,CRS3035RES1000mN2625000E3460000,0,0,17300,218.5,-1.182198379282871,46.16095975362893,-1.1800074812728312,46.16300809069555,-1.1811029497141634,46.16198392774027
CRS3035RES200mN2625800E3460200,CRS3035RES1000mN2625000E3460000,CRS3035RES1000mN2625000E3460000,0,0,17300,257.5,-1.1796348515663728,46.16122990686592,-1.1774438482890346,46.16327819280744,-1.1785393693650021,46.16225405541525
CRS3035RES200mN2625800E3460400,CRS3035RES1000mN2625000E3460000,CRS3035RES1000mN2625000E3460000,0,0,17300,108,-1.1770713006852556,46.16149999865651,-1.1748801921424141,46.16354823346981,-1.1759757658521233,46.162524121642285
CRS3035RES200mN2625800E3460600,CRS3035RES1000mN2625000E3460000,CRS3035RES1000mN2625000E3460000,0,0,17300,201,-1.17450772664433,46.16177002899979,-1.1723165128377762,46.16381821268176,-1.173412139180328,46.162794126420465
CRS3035RES200mN2625800E3460800,CRS3035RES1000mN2625000E3460000,CRS3035RES1000mN2625000E3460000,0,0,17300,90,-1.1719441294484065,46.16203999789487,-1.169752810379929,46.16408813044243,-1.1708484893544304,46.163064069748884
CRS3035RES200mN2625800E3461000,CRS3035RES1000mN2625000E3461000,CRS3035RES1000mN2625000E3461000,0,0,17300,203,-1.1693805091022846,46.16230990534089,-1.1671890847736823,46.1643579867509,-1.1682848163792345,46.16333395162669
CRS3035RES200mN2625800E3461200,CRS3035RES1000mN2625000E3461000,CRS3035RES1000mN2625000E3461000,0,0,17300,416.5,-1.166816865610778,46.16257975133694,-1.1646253360238512,46.164627781606285,-1.1657211202595492,46.16360377205296
CRS3035RES200mN2625800E3461400,CRS3035RES1000mN2625000E3461000,CRS3035RES1000mN2625000E3461000,0,0,17300,181,-1.1642531989786975,46.16284953588211,-1.1620615641352352,46.16489751500772,-1.1631574010001917,46.1638735310268
CRS3035RES200mN2625800E3461600,CRS3035RES1000mN2625000E3461000,CRS3035RES1000mN2625000E3461000,0,0,17300,252,-1.1616895092108455,46.16311925897555,-1.159497769112651,46.16516718695428,-1.160593658605958,46.16414322854736
CRS3035RES200mN2625800E3461800,CRS3035RES1000mN2625000E3461000,CRS3035RES1000mN2625000E3461000,0,0,17300,168,-1.1591257963120392,46.16338892061633,-1.1569339509609062,46.16543679744512,-1.1580298930816653,46.16441286461373
CRS3035RES200mN2625800E3462000,CRS3035RES1000mN2625000E3462000,CRS3035RES200mN2625800E3462000,0,0,17300,40,-1.1565620602870808,46.1636585208036,-1.1543701096848098,46.16570634647928,-1.1554661044321255,46.164682439225
CRS3035RES200mN2625800E3462200,CRS3035RES1000mN2625000E3462000,CRS3035RES200mN2625800E3462200,0,0,17300,154,-1.153998301140783,46.163928059536424,-1.151806245289177,46.16597583405593,-1.1529022926621462,46.16495195238029
CRS3035RES200mN2625800E3462400,CRS3035RES1000mN2625000E3462000,CRS3035RES200mN2625800E3462400,0,0,17300,135,-1.1514345188779576,46.16419753681396,-1.1492423577788156,46.166245260174165,-1.1503384577765345,46.16522140407872
CRS3035RES200mN2625800E3462600,CRS3035RES1000mN2625000E3462000,CRS3035RES200mN2625800E3462600,0,0,17300,173,-1.1488707135034153,46.16446695263529,-1.1466784471585343,46.1665146248331,-1.1477745997801097,46.16549079431941
CRS3035RES200mN2625800E3462800,CRS3035RES1000mN2625000E3462000,CRS3035RES200mN2625800E3462800,0,0,17300,211.5,-1.1463068850219589,46.16473630699954,-1.1441145134331532,46.16678392803183,-1.1452107186776832,46.16576012310145
CRS3035RES200mN2625800E3463000,CRS3035RES1000mN2625000E3463000,CRS3035RES200mN2625800E3463000,0,0,17300,359.5,-1.1437430334384164,46.16500559990581,-1.1415505566074828,46.16705316976948,-1.1426468144740531,46.16602939042396
CRS3035RES200mN2625800E3463200,CRS3035RES1000mN2625000E3463000,CRS3035RES200mN2625800E3463200,0,0,17300,169,-1.141179158757584,46.16527483135322,-1.1389865766863292,46.16732235004516,-1.1400828871740494,46.16629859628607
CRS3035RES200mN2625800E3463400,CRS3035RES1000mN2625000E3463000,CRS3035RES200mN2625800E3463400,0,0,17300,133,-1.1386152609842848,46.16554400134087,-1.1364225736745093,46.16759146885797,-1.1375189367824758,46.16656774068685
CRS3035RES200mN2625800E3463600,CRS3035RES1000mN2625000E3463000,CRS3035RES200mN2625800E3463600,0,0,17300,179.5,-1.1360513401233234,46.16581310986788,-1.1338585475768432,46.16786052620705,-1.134954963304148,46.16683682362544
CRS3035RES200mN2625800E3463800,CRS3035RES1000mN2625000E3463000,CRS3035RES200mN2625800E3463800,0,0,17300,179.5,-1.1334873961795213,46.16608215693337,-1.1312944983981397,46.16812952209149,-1.1323909667438765,46.16710584510097
CRS3035RES200mN2625800E3464000,CRS3035RES1000mN2625000E3464000,CRS3035RES1000mN2625000E3464000,0,0,17300,165,-1.130923429157683,46.166351142536435,-1.1287304261432096,46.1683984565104,-1.1298269471064781,46.167374805112495
CRS3035RES200mN2625800E3464200,CRS3035RES1000mN2625000E3464000,CRS3035RES1000mN2625000E3464000,0,0,17300,87.5,-1.1283594390626268,46.16662006667621,-1.126166330816873,46.16866732946291,-1.1272629043967655,46.16764370365919
CRS3035RES200mN2625800E3464400,CRS3035RES1000mN2625000E3464000,CRS3035RES1000mN2625000E3464000,0,0,17300,83,-1.125795425899168,46.16688892935178,-1.1236022124239438,46.1689361409481,-1.1246988386195582,46.16791254074013
CRS3035RES200mN2625800E3464600,CRS3035RES1000mN2625000E3464000,CRS3035RES1000mN2625000E3464000,0,0,17300,150,-1.1232313896721222,46.16715773056227,-1.121038070969237,46.16920489096513,-1.1221347497796654,46.16818131635444
CRS3035RES200mN2625800E3464800,CRS3035RES1000mN2625000E3464000,CRS3035RES1000mN2625000E3464000,0,0,"17300,17291",99.5,-1.1206673303863,46.167426470306815,-1.1184739064575682,46.169473579513074,-1.1195706378819026,46.16845003050125
CRS3035RES200mN2625800E3465000,CRS3035RES1000mN2625000E3465000,CRS3035RES1000mN2625000E3465000,0,0,"17300,17291,17274",125.5,-1.1181032480465178,46.16769514858448,-1.1159097188937528,46.16974220659106,-1.1170065029310898,46.16871868317961
CRS3035RES200mN2625800E3465200,CRS3035RES1000mN2625000E3465000,CRS3035RES1000mN2625000E3465000,0,0,"17274,17300",37.5,-1.1155391426575934,46.167963765394425,-1.1133455082826125,46.1700107721982,-1.114442344932041,46.168987274388705
CRS3035RES200mN2626000E3457200,CRS3035RES1000mN2626000E3457000,CRS3035RES2000mN2626000E3456000,1,1,17300,5,-1.2184591932226627,46.158949185681436,-1.216269719054223,46.160998244691406,-1.217364475562492,46.15997372075674
CRS3035RES200mN2626000E3457400,CRS3035RES1000mN2626000E3457000,CRS3035RES2000mN2626000E3456000,1,1,17300,22,-1.2158959082579168,46.15922020942908,-1.213706328787517,46.161269217356136,-1.2148011379477566,46.16024471896346
CRS3035RES200mN2626000E3457600,CRS3035RES1000mN2626000E3457000,CRS3035RES2000mN2626000E3456000,0,1,17300,37.5,-1.2133326000582776,46.15949117174057,-1.2111429152876874,46.16154012858164,-1.212237777099009,46.160515655732524
CRS3035RES200mN2626000E3457800,CRS3035RES1000mN2626000E3457000,CRS3035RES2000mN2626000E3456000,0,1,17300,227,-1.2107692686285443,46.15976207261505,-1.2085794785595418,46.161810978367,-1.2096743930210563,46.160786531062996
CRS3035RES200mN2626000E3458000,CRS3035RES1000mN2626000E3458000,CRS3035RES1000mN2626000E3458000,0,0,17300,73,-1.2082059139735166,46.1600329120516,-1.2060160186078877,46.16208176671133,-1.2071109857187046,46.161057344953996
CRS3035RES200mN2626000E3458200,CRS3035RES1000mN2626000E3458000,CRS3035RES1000mN2626000E3458000,0,0,17300,30,-1.2056425360979985,46.160303690049325,-1.2034525354375212,46.16235249361374,-1.2045475551967546,46.1613280974046
CRS3035RES200mN2626000E3458400,CRS3035RES1000mN2626000E3458000,CRS3035RES1000mN2626000E3458000,0,0,17300,30,-1.2030791350067962,46.16057440660736,-1.2008890290532512,46.16262315907332,-1.2019841014600077,46.16159878841396
CRS3035RES200mN2626000E3458600,CRS3035RES1000mN2626000E3458000,CRS3035RES1000mN2626000E3458000,0,0,17300,13,-1.2005157107047104,46.16084506172478,-1.198325499459884,46.162893763089215,-1.1994206245132661,46.16186941798119
CRS3035RES200mN2626000E3459000,CRS3035RES1000mN2626000E3459000,CRS3035RES1000mN2626000E3459000,1,0,17300,1,-1.1953887924871072,46.161386187634264,-1.1931983706650657,46.163434786786276,-1.194293601009033,46.162410492785554
CRS3035RES200mN2626000E3459200,CRS3035RES1000mN2626000E3459000,CRS3035RES1000mN2626000E3459000,1,0,17300,59,-1.192825298581198,46.16165665842455,-1.1906347714732328,46.16370520646568,-1.191730054461148,46.16268093802095
CRS3035RES200mN2626000E3459400,CRS3035RES1000mN2626000E3459000,CRS3035RES1000mN2626000E3459000,0,0,17300,169.5,-1.1902617814836338,46.161927067770655,-1.1880711490915226,46.16397556469781,-1.1891664847224919,46.16295132181062
CRS3035RES200mN2626000E3459600,CRS3035RES1000mN2626000E3459000,CRS3035RES1000mN2626000E3459000,0,0,17300,150.5,-1.187698241199204,46.1621974156717,-1.185507503524736,46.164245861481746,-1.1866028917978753,46.163221644153666
CRS3035RES200mN2626000E3459800,CRS3035RES1000mN2626000E3459000,CRS3035RES1000mN2626000E3459000,0,0,17300,225.5,-1.1851346777327194,46.162467702126776,-1.1829438347776915,46.16451609681664,-1.1840392756921023,46.16349190504921
CRS3035RES200mN2626000E3460000,CRS3035RES1000mN2626000E3460000,CRS3035RES200mN2626000E3460000,0,0,17300,168,-1.1825710910889953,46.16273792713504,-1.1803801428551903,46.164786270701576,-1.181475636409974,46.16376210449636
CRS3035RES200mN2626000E3460200,CRS3035RES1000mN2626000E3460000,CRS3035RES200mN2626000E3460200,0,0,17300,95,-1.1800074812728312,46.16300809069555,-1.1778164277620413,46.16505638313566,-1.178911973956304,46.16403224249421
CRS3035RES200mN2626000E3460400,CRS3035RES1000mN2626000E3460000,CRS3035RES200mN2626000E3460400,0,0,17300,76,-1.1774438482890346,46.16327819280744,-1.1752526895030502,46.16532643411802,-1.1763482883359002,46.16430231904189
CRS3035RES200mN2626000E3460600,CRS3035RES1000mN2626000E3460000,CRS3035RES200mN2626000E3460600,0,0,17300,256,-1.1748801921424141,46.16354823346981,-1.1726889280830295,46.165596423647756,-1.1737845795535649,46.164572334138484
CRS3035RES200mN2626000E3460800,CRS3035RES1000mN2626000E3460000,CRS3035RES200mN2626000E3460800,0,0,17300,41,-1.1723165128377762,46.16381821268176,-1.1701251435067863,46.16586635172397,-1.171220847614112,46.164842287783124
CRS3035RES200mN2626000E3461000,CRS3035RES1000mN2626000E3461000,CRS3035RES1000mN2626000E3461000,0,0,17300,72,-1.169752810379929,46.16408813044243,-1.1675613357791297,46.16613621834577,-1.168657092522347,46.165112179974926
CRS3035RES200mN2626000E3461200,CRS3035RES1000mN2626000E3461000,CRS3035RES1000mN2626000E3461000,0,0,17300,69,-1.1671890847736823,46.1643579867509,-1.1649975049048689,46.1664060235123,-1.1660933142830792,46.16538201071296
CRS3035RES200mN2626000E3461400,CRS3035RES1000mN2626000E3461000,CRS3035RES1000mN2626000E3461000,0,0,17300,103,-1.1646253360238512,46.164627781606285,-1.1624336508888142,46.16667576722261,-1.163529512901127,46.16565177999637
CRS3035RES200mN2626000E3461600,CRS3035RES1000mN2626000E3461000,CRS3035RES1000mN2626000E3461000,0,0,17300,222.5,-1.1620615641352352,46.16489751500772,-1.159869773735778,46.166945449475854,-1.1609656883812818,46.16592148782427
CRS3035RES200mN2626000E3461800,CRS3035RES1000mN2626000E3461000,CRS3035RES1000mN2626000E3461000,0,0,17300,180.5,-1.159497769112651,46.16516718695428,-1.157305873450569,46.16721507027114,-1.158401840728372,46.16619113419574
CRS3035RES200mN2626000E3462000,CRS3035RES1000mN2626000E3462000,CRS3035RES1000mN2626000E3462000,0,0,17300,29,-1.1569339509609062,46.16543679744512,-1.1547419500379965,46.16748462960755,-1.155837969947202,46.16646071910992
CRS3035RES200mN2626000E3462400,CRS3035RES1000mN2626000E3462000,CRS3035RES1000mN2626000E3462000,1,0,17300,31,-1.151806245289177,46.16597583405593,-1.1496140338500205,46.16802356390026,-1.150710159019319,46.16699970456279
CRS3035RES200mN2626000E3462600,CRS3035RES1000mN2626000E3462000,CRS3035RES1000mN2626000E3462000,0,0,17300,56,-1.1492423577788156,46.166245260174165,-1.1470500410842366,46.16829293885478,-1.1481462188822305,46.16726910509971
CRS3035RES200mN2626000E3462800,CRS3035RES1000mN2626000E3462000,CRS3035RES1000mN2626000E3462000,0,0,17300,390,-1.1466784471585343,46.1665146248331,-1.144486025210341,46.168562252346895,-1.1455822556361335,46.16753844417578
CRS3035RES200mN2626000E3463000,CRS3035RES1000mN2626000E3463000,CRS3035RES1000mN2626000E3463000,0,0,17300,300,-1.1441145134331532,46.16678392803183,-1.141921986233146,46.16883150437568,-1.1430182692858242,46.1678077217901
CRS3035RES200mN2626000E3463200,CRS3035RES1000mN2626000E3463000,CRS3035RES1000mN2626000E3463000,0,0,17300,172.5,-1.1415505566074828,46.16705316976948,-1.139357924157465,46.169100694940305,-1.1404542598361338,46.16807693794179
CRS3035RES200mN2626000E3463400,CRS3035RES1000mN2626000E3463000,CRS3035RES1000mN2626000E3463000,0,0,17300,147.5,-1.1389865766863292,46.16732235004516,-1.1367938389881136,46.16936982403982,-1.1378902272918683,46.16834609262994
CRS3035RES200mN2626000E3463600,CRS3035RES1000mN2626000E3463000,CRS3035RES1000mN2626000E3463000,0,0,17300,48,-1.1364225736745093,46.16759146885797,-1.1342297307299025,46.16963889167339,-1.1353261716578393,46.16861518585369
CRS3035RES200mN2626000E3463800,CRS3035RES1000mN2626000E3463000,CRS3035RES1000mN2626000E3463000,0,0,17300,213.5,-1.1338585475768432,46.16786052620705,-1.131665599387647,46.169907897840076,-1.1327620929388644,46.16888421761213
CRS3035RES200mN2626000E3464000,CRS3035RES1000mN2626000E3464000,CRS3035RES1000mN2626000E3464000,0,0,17300,258,-1.1312944983981397,46.16812952209149,-1.1291014449661623,46.17017684253906,-1.130197991139754,46.16915318790438
CRS3035RES200mN2626000E3464200,CRS3035RES1000mN2626000E3464000,CRS3035RES1000mN2626000E3464000,0,0,17300,107.5,-1.1287304261432096,46.1683984565104,-1.1265372674702687,46.17044572576937,-1.127633866265325,46.16942209672955
CRS3035RES200mN2626000E3464400,CRS3035RES1000mN2626000E3464000,CRS3035RES1000mN2626000E3464000,0,0,17300,72,-1.126166330816873,46.16866732946291,-1.1239730669047752,46.170714547530174,-1.1250697183203975,46.16969094408676
CRS3035RES200mN2626000E3464600,CRS3035RES1000mN2626000E3464000,CRS3035RES1000mN2626000E3464000,0,0,"17300,17291",210,-1.1236022124239438,46.1689361409481,-1.1214088432745017,46.170983307820585,-1.1225055473097774,46.16995972997512
CRS3035RES200mN2626000E3464800,CRS3035RES1000mN2626000E3464000,CRS3035RES1000mN2626000E3464000,1,0,"17291,17300",12,-1.121038070969237,46.16920489096513,-1.118844596584259,46.171252006639705,-1.1199413532382878,46.17022845439372
CRS3035RES200mN2626200E3457000,CRS3035RES1000mN2626000E3457000,CRS3035RES2000mN2626000E3456000,0,1,17300,45.5,-1.2213964298690754,46.160456115047765,-1.2192070109231103,46.16250523165818,-1.2203017398207183,46.161480678922764
CRS3035RES200mN2626200E3457200,CRS3035RES1000mN2626000E3457000,CRS3035RES2000mN2626000E3456000,0,1,17300,124.5,-1.2188330860830128,46.160727210588306,-1.216643561823612,46.16277627611764,-1.2177383433789302,46.161751748923315
CRS3035RES200mN2626200E3457400,CRS3035RES1000mN2626000E3457000,CRS3035RES2000mN2626000E3456000,0,1,17300,155.5,-1.216269719054223,46.160998244691406,-1.2140800894831678,46.16304725913653,-1.215174923695304,46.162022757484856
CRS3035RES200mN2626200E3457600,CRS3035RES1000mN2626000E3457000,CRS3035RES2000mN2626000E3456000,0,1,17300,207.5,-1.213706328787517,46.161269217356136,-1.2115165939065835,46.16331818071396,-1.2126114807746406,46.1622937046065
CRS3035RES200mN2626200E3457800,CRS3035RES1000mN2626000E3457000,CRS3035RES2000mN2626000E3456000,0,1,17300,324.5,-1.2111429152876874,46.16154012858164,-1.208953075098652,46.16358904084905,-1.210048014621754,46.16256459028734
CRS3035RES200mN2626200E3458000,CRS3035RES1000mN2626000E3458000,CRS3035RES1000mN2626000E3458000,0,0,17300,239.5,-1.2085794785595418,46.161810978367,-1.2063895330641903,46.16385983954088,-1.207484525241439,46.16283541452649
CRS3035RES200mN2626200E3458200,CRS3035RES1000mN2626000E3458000,CRS3035RES1000mN2626000E3458000,0,0,17300,123.5,-1.2060160186078877,46.16208176671133,-1.2038259678079966,46.16413057678855,-1.2049210126385008,46.16310617732305
CRS3035RES200mN2626200E3458400,CRS3035RES1000mN2626000E3458000,CRS3035RES1000mN2626000E3458000,0,0,17300,123,-1.2034525354375212,46.16235249361374,-1.2012623793348716,46.16440125259122,-1.2023574768177474,46.16337687867613
CRS3035RES200mN2626200E3458600,CRS3035RES1000mN2626000E3458000,CRS3035RES1000mN2626000E3458000,0,0,17300,220.5,-1.2008890290532512,46.16262315907332,-1.1986987676496321,46.164671866947955,-1.1997939177839765,46.16364751858485
CRS3035RES200mN2626200E3458800,CRS3035RES1000mN2626000E3458000,CRS3035RES1000mN2626000E3458000,0,0,17300,42,-1.198325499459884,46.162893763089215,-1.1961351327570733,46.16494241985787,-1.1972303355420002,46.163918097048295
CRS3035RES200mN2626200E3459000,CRS3035RES1000mN2626000E3459000,CRS3035RES1000mN2626000E3459000,1,0,17300,7,-1.1957619466622202,46.16316430566048,-1.1935714746620039,46.165212911320076,-1.1946667300966258,46.16418861406559
CRS3035RES200mN2626200E3459200,CRS3035RES1000mN2626000E3459000,CRS3035RES1000mN2626000E3459000,0,0,17300,210,-1.1931983706650657,46.163434786786276,-1.1910077933692327,46.165483341333676,-1.192103101452653,46.16445906963584
CRS3035RES200mN2626200E3459400,CRS3035RES1000mN2626000E3459000,CRS3035RES1000mN2626000E3459000,0,0,17300,166.5,-1.1906347714732328,46.16370520646568,-1.188444088883569,46.165753709897764,-1.1895394496148908,46.16472946375814
CRS3035RES200mN2626200E3459600,CRS3035RES1000mN2626000E3459000,CRS3035RES1000mN2626000E3459000,0,0,17300,222,-1.1880711490915226,46.16397556469781,-1.1858803612098108,46.16602401701148,-1.1869757745881464,46.16499979643161
CRS3035RES200mN2626200E3459800,CRS3035RES1000mN2626000E3459000,CRS3035RES1000mN2626000E3459000,0,0,17300,195,-1.185507503524736,46.164245861481746,-1.1833166103527764,46.16629426267392,-1.1844120763772241,46.16527006765535
CRS3035RES200mN2626200E3460000,CRS3035RES1000mN2626000E3460000,CRS3035RES200mN2626200E3460000,0,0,17300,183.5,-1.1829438347776915,46.16451609681664,-1.1807528363172666,46.16656444688418,-1.1818483549869283,46.16554027742849
CRS3035RES200mN2626200E3460200,CRS3035RES1000mN2626000E3460000,CRS3035RES200mN2626200E3460200,0,0,17300,604.5,-1.1803801428551903,46.164786270701576,-1.1781890391080894,46.166834569641395,-1.1792846104220789,46.16581042575012
CRS3035RES200mN2626200E3460400,CRS3035RES1000mN2626000E3460000,CRS3035RES200mN2626200E3460400,0,0,17300,390,-1.1778164277620413,46.16505638313566,-1.1756252187300595,46.167104630944635,-1.1767208426874756,46.16608051261934
CRS3035RES200mN2626200E3460600,CRS3035RES1000mN2626000E3460000,CRS3035RES200mN2626200E3460600,0,0,17300,170,-1.1752526895030502,46.16532643411802,-1.1730613751879817,46.167374630793056,-1.1741570517879287,46.16635053803528
CRS3035RES200mN2626200E3460800,CRS3035RES1000mN2626000E3460000,CRS3035RES200mN2626200E3460800,0,0,17300,172.5,-1.1726889280830295,46.165596423647756,-1.1704975084866633,46.16764456918572,-1.1715932377282459,46.16662050199702
CRS3035RES200mN2626200E3461000,CRS3035RES1000mN2626000E3461000,CRS3035RES1000mN2626000E3461000,0,0,17300,213,-1.1701251435067863,46.16586635172397,-1.1679336186309193,46.16791444612178,-1.1690294005132422,46.16689040450371
CRS3035RES200mN2626200E3461200,CRS3035RES1000mN2626000E3461000,CRS3035RES1000mN2626000E3461000,0,0,17300,203,-1.1675613357791297,46.16613621834577,-1.1653697056255607,46.1681842616003,-1.1664655401477158,46.167160245554435
CRS3035RES200mN2626200E3461400,CRS3035RES1000mN2626000E3461000,CRS3035RES1000mN2626000E3461000,0,0,17300,186,-1.1649975049048689,46.1664060235123,-1.16280576947539,46.16845401562043,-1.1639016566364884,46.167430025148306
CRS3035RES200mN2626200E3461600,CRS3035RES1000mN2626000E3461000,CRS3035RES1000mN2626000E3461000,0,0,17300,222,-1.1624336508888142,46.16667576722261,-1.1602418101852254,46.16872370818125,-1.1613377499843687,46.16769974328444
CRS3035RES200mN2626200E3461800,CRS3035RES1000mN2626000E3461000,CRS3035RES1000mN2626000E3461000,0,0,17300,212,-1.159869773735778,46.166945449475854,-1.1576778277598765,46.16899333928189,-1.1587738201961582,46.167969399961926
CRS3035RES200mN2626200E3462000,CRS3035RES1000mN2626000E3462000,CRS3035RES1000mN2626000E3462000,0,0,17300,102,-1.157305873450569,46.16721507027114,-1.155113822204155,46.16926290892146,-1.1562098672766798,46.168238995179905
CRS3035RES200mN2626200E3462200,CRS3035RES1000mN2626000E3462000,CRS3035RES1000mN2626000E3462000,0,0,17300,36,-1.1547419500379965,46.16748462960755,-1.152549793522872,46.16953241709907,-1.153645891230741,46.168508528937465
CRS3035RES200mN2626200E3462400,CRS3035RES1000mN2626000E3462000,CRS3035RES1000mN2626000E3462000,1,0,17300,2,-1.1521780035028775,46.16775412748423,-1.1499857417208406,46.16980186381381,-1.151081892063151,46.16877800123373
CRS3035RES200mN2626200E3462600,CRS3035RES1000mN2626000E3462000,CRS3035RES1000mN2626000E3462000,0,0,17300,134.5,-1.1496140338500205,46.16802356390026,-1.1474216668028718,46.170071249064804,-1.148517869778725,46.16904741206781
CRS3035RES200mN2626200E3462800,CRS3035RES1000mN2626000E3462000,CRS3035RES1000mN2626000E3462000,0,0,17300,67.5,-1.1470500410842366,46.16829293885478,-1.1448575687737856,46.17034057285118,-1.145953824382275,46.1693167614388
CRS3035RES200mN2626200E3463000,CRS3035RES1000mN2626000E3463000,CRS3035RES1000mN2626000E3463000,0,0,17300,180,-1.144486025210341,46.168562252346895,-1.1422934476383912,46.17060983517202,-1.1433897558786106,46.16958604934582
CRS3035RES200mN2626200E3463200,CRS3035RES1000mN2626000E3463000,CRS3035RES1000mN2626000E3463000,0,0,17300,174,-1.141921986233146,46.16883150437568,-1.1397293034014975,46.17087903602646,-1.140825664272556,46.169855275787995
CRS3035RES200mN2626200E3463400,CRS3035RES1000mN2626000E3463000,CRS3035RES1000mN2626000E3463000,0,0,17300,77.5,-1.139357924157465,46.169100694940305,-1.1371651360679278,46.171148175413606,-1.138261549568916,46.170124440764425
CRS3035RES200mN2626200E3463600,CRS3035RES1000mN2626000E3463000,CRS3035RES1000mN2626000E3463000,0,0,17300,84,-1.1367938389881136,46.16936982403982,-1.1346009456424926,46.17141725333254,-1.135697411772507,46.1703935442742
CRS3035RES200mN2626200E3463800,CRS3035RES1000mN2626000E3463000,CRS3035RES1000mN2626000E3463000,0,0,17300,101.5,-1.1342297307299025,46.16963889167339,-1.1320367321300073,46.17168626978242,-1.133133250888143,46.170662586316475
CRS3035RES200mN2626200E3464000,CRS3035RES1000mN2626000E3464000,CRS3035RES1000mN2626000E3464000,0,0,17300,117,-1.131665599387647,46.169907897840076,-1.1294724955352873,46.17195522476232,-1.1305690669206414,46.17093156689034
CRS3035RES200mN2626200E3464200,CRS3035RES1000mN2626000E3464000,CRS3035RES1000mN2626000E3464000,0,0,17300,128,-1.1291014449661623,46.17017684253906,-1.1269082358631541,46.17222411827139,-1.1280048598748154,46.171200485994895
CRS3035RES200mN2626200E3464400,CRS3035RES1000mN2626000E3464000,CRS3035RES1000mN2626000E3464000,0,0,"17300,17291",248.5,-1.1265372674702687,46.17044572576937,-1.1243439531184125,46.1724929503087,-1.1254406297554835,46.171469343629276
CRS3035RES200mN2626200E3464600,CRS3035RES1000mN2626000E3464000,CRS3035RES1000mN2626000E3464000,0,0,"17291,17300",126,-1.1239730669047752,46.170714547530174,-1.1217796473058883,46.17276172087339,-1.1228763765674599,46.17173813979258
CRS3035RES200mN2626400E3457200,CRS3035RES1000mN2626000E3457000,CRS3035RES2000mN2626000E3456000,0,1,17300,43,-1.2192070109231103,46.16250523165818,-1.217017436569908,46.16455430370801,-1.2181122431736926,46.16352977325347
CRS3035RES200mN2626400E3457400,CRS3035RES1000mN2626000E3457000,CRS3035RES2000mN2626000E3456000,0,1,17300,51,-1.216643561823612,46.16277627611764,-1.2144538821490642,46.16482529708196,-1.2155487414145123,46.16380079217071
CRS3035RES200mN2626400E3457600,CRS3035RES1000mN2626000E3457000,CRS3035RES2000mN2626000E3456000,0,1,17300,94,-1.2140800894831678,46.16304725913653,-1.2118903044890506,46.165096229012235,-1.2129852164152701,46.164071749645835
CRS3035RES200mN2626400E3457800,CRS3035RES1000mN2626000E3457000,CRS3035RES2000mN2626000E3456000,0,1,17300,124,-1.2115165939065835,46.16331818071396,-1.2093267035946682,46.16536709949793,-1.2104216681807767,46.16434264567796
CRS3035RES200mN2626400E3458000,CRS3035RES1000mN2626000E3458000,CRS3035RES1000mN2626000E3458000,0,0,17300,133.5,-1.208953075098652,46.16358904084905,-1.2067630794707314,46.165637908538166,-1.2078580967158332,46.164613480266176
CRS3035RES200mN2626400E3458200,CRS3035RES1000mN2626000E3458000,CRS3035RES1000mN2626000E3458000,0,0,17300,236,-1.2063895330641903,46.16385983954088,-1.2041994321220388,46.165908656132046,-1.205294502025239,46.16488425340959
CRS3035RES200mN2626400E3458400,CRS3035RES1000mN2626000E3458000,CRS3035RES1000mN2626000E3458000,0,0,17300,479.5,-1.2038259678079966,46.16413057678855,-1.2016357615533968,46.16617934227867,-1.2027308841138142,46.165154965107305
CRS3035RES200mN2626400E3458600,CRS3035RES1000mN2626000E3458000,CRS3035RES1000mN2626000E3458000,0,0,17300,213,-1.2012623793348716,46.16440125259122,-1.1990720677696096,46.16644996697717,-1.2001672429863457,46.16542561535842
CRS3035RES200mN2626400E3458800,CRS3035RES1000mN2626000E3458000,CRS3035RES1000mN2626000E3458000,0,0,17300,205.5,-1.1986987676496321,46.164671866947955,-1.196508350775486,46.16672053022661,-1.1976035786476518,46.165696204162074
CRS3035RES200mN2626400E3459000,CRS3035RES1000mN2626000E3459000,CRS3035RES1000mN2626000E3459000,0,0,17300,228.5,-1.1961351327570733,46.16494241985787,-1.193944610575835,46.16699103202614,-1.1950398911025368,46.16596673151734
CRS3035RES200mN2626400E3459200,CRS3035RES1000mN2626000E3459000,CRS3035RES1000mN2626000E3459000,0,0,17300,91,-1.1935714746620039,46.165212911320076,-1.1913808471754594,46.16726147237484,-1.1924761803558002,46.16623719742335
CRS3035RES200mN2626400E3459400,CRS3035RES1000mN2626000E3459000,CRS3035RES1000mN2626000E3459000,0,0,17300,206,-1.1910077933692327,46.165483341333676,-1.188817060579168,46.16753185127183,-1.1899124464122572,46.16650760187919
CRS3035RES200mN2626400E3459600,CRS3035RES1000mN2626000E3459000,CRS3035RES1000mN2626000E3459000,0,0,17300,131.5,-1.188444088883569,46.165753709897764,-1.1862532507917651,46.167802168716214,-1.187348689276711,46.16677794488399
CRS3035RES200mN2626400E3460000,CRS3035RES1000mN2626000E3460000,CRS3035RES200mN2626400E3460000,0,0,17300,453,-1.1833166103527764,46.16629426267392,-1.181125561662877,46.16834261924361,-1.1822211054488463,46.167318446536875
CRS3035RES200mN2626400E3460200,CRS3035RES1000mN2626000E3460000,CRS3035RES200mN2626400E3460200,0,0,17300,846,-1.1807528363172666,46.16656444688418,-1.1785616823310001,46.16861275232482,-1.17965727876614,46.16758860518316
CRS3035RES200mN2626400E3460400,CRS3035RES1000mN2626000E3460000,CRS3035RES200mN2626400E3460400,0,0,17300,634.5,-1.1781890391080894,46.166834569641395,-1.1759977798272558,46.16888282394987,-1.1770934289106705,46.16785870237484
CRS3035RES200mN2626400E3460600,CRS3035RES1000mN2626000E3460000,CRS3035RES200mN2626400E3460600,0,0,17300,489,-1.1756252187300595,46.167104630944635,-1.1734338541564449,46.169152834117845,-1.1745295558872362,46.16812873811101
CRS3035RES200mN2626400E3460800,CRS3035RES1000mN2626000E3460000,CRS3035RES200mN2626400E3460800,0,0,17300,351,-1.1730613751879817,46.167374630793056,-1.1708699053233782,46.1694227828279,-1.1719656597006507,46.16839871239078
CRS3035RES200mN2626400E3461000,CRS3035RES1000mN2626000E3461000,CRS3035RES1000mN2626000E3461000,0,0,17300,100,-1.1704975084866633,46.16764456918572,-1.168305933332871,46.16969267007908,-1.1694017403557277,46.16866862521327
CRS3035RES200mN2626400E3461200,CRS3035RES1000mN2626000E3461000,CRS3035RES1000mN2626000E3461000,0,0,17300,328.5,-1.1679336186309193,46.16791444612178,-1.1657419381897338,46.169962495870536,-1.1668377978572684,46.16893847657758
CRS3035RES200mN2626400E3461400,CRS3035RES1000mN2626000E3461000,CRS3035RES1000mN2626000E3461000,0,0,17300,219,-1.1653697056255607,46.1681842616003,-1.1631779198987724,46.17023226020136,-1.1642738322100958,46.16920826648281
CRS3035RES200mN2626400E3461600,CRS3035RES1000mN2626000E3461000,CRS3035RES1000mN2626000E3461000,0,0,17300,186.5,-1.16280576947539,46.16845401562043,-1.1606138784648055,46.17050196307067,-1.1617098434190147,46.16947799492807
CRS3035RES200mN2626400E3461800,CRS3035RES1000mN2626000E3461000,CRS3035RES1000mN2626000E3461000,0,0,17300,229.5,-1.1602418101852254,46.16872370818125,-1.1580498138926374,46.170771604477586,-1.159145831488835,46.169747661912496
CRS3035RES200mN2626400E3462000,CRS3035RES1000mN2626000E3462000,CRS3035RES1000mN2626000E3462000,0,0,17300,168.5,-1.1576778277598765,46.16899333928189,-1.1554857261870846,46.17104118442119,-1.1565817964243694,46.170017267435185
CRS3035RES200mN2626400E3462200,CRS3035RES1000mN2626000E3462000,CRS3035RES1000mN2626000E3462000,0,0,17300,139.5,-1.155113822204155,46.16926290892146,-1.152921615352963,46.171310702900634,-1.1540177382304362,46.17028681149524
CRS3035RES200mN2626400E3462400,CRS3035RES1000mN2626000E3462000,CRS3035RES1000mN2626000E3462000,0,0,17300,61.5,-1.152549793522872,46.16953241709907,-1.1503574813950797,46.17158015991499,-1.1514536569118319,46.17055629409177
CRS3035RES200mN2626400E3462600,CRS3035RES1000mN2626000E3462000,CRS3035RES1000mN2626000E3462000,0,0,17300,116,-1.1499857417208406,46.16980186381381,-1.1477933243182517,46.171849555463375,-1.1488895524733953,46.17082571522388
CRS3035RES200mN2626400E3462800,CRS3035RES1000mN2626000E3462000,CRS3035RES1000mN2626000E3462000,0,0,17300,100,-1.1474216668028718,46.170071249064804,-1.145229144127291,46.17211888954492,-1.1463254249199182,46.1710950748907
CRS3035RES200mN2626400E3463000,CRS3035RES1000mN2626000E3463000,CRS3035RES1000mN2626000E3463000,0,0,17300,171,-1.1448575687737856,46.17034057285118,-1.142664940827012,46.17238816215871,-1.1437612742562175,46.17136437309134
CRS3035RES200mN2626400E3463200,CRS3035RES1000mN2626000E3463000,CRS3035RES1000mN2626000E3463000,0,0,17300,245.5,-1.1422934476383912,46.17060983517202,-1.1401007144222326,46.17265737330387,-1.1411971004871166,46.17163360982489
CRS3035RES200mN2626400E3463400,CRS3035RES1000mN2626000E3463000,CRS3035RES1000mN2626000E3463000,0,0,17300,189,-1.1397293034014975,46.17087903602646,-1.137536464917765,46.172926522979516,-1.1386329036174243,46.17190278509048
CRS3035RES200mN2626400E3463600,CRS3035RES1000mN2626000E3463000,CRS3035RES1000mN2626000E3463000,0,0,17300,112,-1.1371651360679278,46.171148175413606,-1.1349721923184233,46.17319561118476,-1.1360686836519498,46.17217189888723
CRS3035RES200mN2626400E3463800,CRS3035RES1000mN2626000E3463000,CRS3035RES1000mN2626000E3463000,0,0,17300,31,-1.1346009456424926,46.17141725333254,-1.132407896629026,46.1734646379187,-1.1335044405955195,46.17244095121423
CRS3035RES200mN2626400E3464000,CRS3035RES1000mN2626000E3464000,CRS3035RES1000mN2626000E3464000,0,0,17300,52,-1.1320367321300073,46.17168626978242,-1.1298435778543883,46.17373360318046,-1.1309401744529424,46.1727099420706
CRS3035RES200mN2626400E3464200,CRS3035RES1000mN2626000E3464000,CRS3035RES1000mN2626000E3464000,0,0,"17300,17291",108,-1.1294724955352873,46.17195522476232,-1.127279235999324,46.174002506969146,-1.1283758852290353,46.172978871455456
CRS3035RES200mN2626400E3464400,CRS3035RES1000mN2626000E3464000,CRS3035RES1000mN2626000E3464000,0,0,"17291,17300",87,-1.1269082358631541,46.17222411827139,-1.1247148710686516,46.17427134928387,-1.125811572928617,46.173247739367895
CRS3035RES200mN2626600E3458000,CRS3035RES1000mN2626000E3458000,CRS3035RES1000mN2626000E3458000,1,0,17300,20,-1.2093267035946682,46.16536709949793,-1.207136657831335,46.1674159737034,-1.2082317001457088,46.166391542173265
CRS3035RES200mN2626600E3458200,CRS3035RES1000mN2626000E3458000,CRS3035RES1000mN2626000E3458000,0,0,17300,42,-1.2067630794707314,46.165637908538166,-1.2045729283834712,46.16768673164439,-1.2056680233607984,46.166662325664426
CRS3035RES200mN2626600E3458400,CRS3035RES1000mN2626000E3458000,CRS3035RES1000mN2626000E3458000,0,0,17300,27,-1.2041994321220388,46.165908656132046,-1.2020091757126412,46.16795742813589,-1.2031043233520247,46.16693304770767
CRS3035RES200mN2626600E3458600,CRS3035RES1000mN2626000E3458000,CRS3035RES1000mN2626000E3458000,0,0,17300,126,-1.2016357615533968,46.16617934227867,-1.1994453998236394,46.16822806317705,-1.200540600124192,46.16720370830212
CRS3035RES200mN2626600E3458800,CRS3035RES1000mN2626000E3458000,CRS3035RES1000mN2626000E3458000,0,0,17300,276,-1.1990720677696096,46.16644996697717,-1.1968816007212815,46.16849863676694,-1.1979768536821063,46.167474307446874
CRS3035RES200mN2626600E3459000,CRS3035RES1000mN2626000E3459000,CRS3035RES1000mN2626000E3459000,0,0,17300,195.5,-1.196508350775486,46.16672053022661,-1.194317778410373,46.16876914890469,-1.1954130840305792,46.16774484514102
CRS3035RES200mN2626600E3459200,CRS3035RES1000mN2626000E3459000,CRS3035RES1000mN2626000E3459000,0,0,17300,177,-1.193944610575835,46.16699103202614,-1.1917539328957214,46.16903959958939,-1.192849291174414,46.168015321383685
CRS3035RES200mN2626600E3459400,CRS3035RES1000mN2626000E3459000,CRS3035RES1000mN2626000E3459000,0,0,17300,129.5,-1.1913808471754594,46.16726147237484,-1.189190064182133,46.169309988820174,-1.1902854751184195,46.168285736173985
CRS3035RES200mN2626600E3459600,CRS3035RES1000mN2626000E3459000,CRS3035RES1000mN2626000E3459000,0,0,17300,541.5,-1.188817060579168,46.16753185127183,-1.1866261722744127,46.16958031659614,-1.187721635867403,46.168556089511014
CRS3035RES200mN2626600E3460000,CRS3035RES1000mN2626000E3460000,CRS3035RES200mN2626600E3460000,0,0,17300,1067.5,-1.183689417818068,46.16807242470711,-1.1814983188958317,46.17012078778003,-1.182593887799535,46.16909661182169
CRS3035RES200mN2626600E3460200,CRS3035RES1000mN2626000E3460000,CRS3035RES200mN2626600E3460200,0,0,17300,471.5,-1.181125561662877,46.16834261924361,-1.178934357434584,46.170390931186155,-1.1800299789923065,46.16936678079357
CRS3035RES200mN2626600E3460400,CRS3035RES1000mN2626000E3460000,CRS3035RES200mN2626600E3460400,0,0,17300,679.5,-1.1785616823310001,46.16861275232482,-1.1763703727984443,46.170661013133916,-1.177466047009289,46.16963688830861
CRS3035RES200mN2626600E3460600,CRS3035RES1000mN2626000E3460000,CRS3035RES200mN2626600E3460600,0,0,17300,688,-1.1759977798272558,46.16888282394987,-1.1738063649922292,46.17093103362238,-1.1749020918552944,46.169906934365905
CRS3035RES200mN2626600E3460800,CRS3035RES1000mN2626000E3460000,CRS3035RES200mN2626600E3460800,0,0,"17300,17200",296,-1.1734338541564449,46.169152834117845,-1.1712423340207399,46.17120099265068,-1.1723381135351303,46.17017691896461
CRS3035RES200mN2626600E3461000,CRS3035RES1000mN2626000E3461000,CRS3035RES1000mN2626000E3461000,0,0,"17200,17300",102,-1.1708699053233782,46.1694227828279,-1.1686782798887965,46.17147089021791,-1.1697741120536151,46.170446842103786
CRS3035RES200mN2626600E3461200,CRS3035RES1000mN2626000E3461000,CRS3035RES1000mN2626000E3461000,0,0,"17200,17300",117,-1.168305933332871,46.16969267007908,-1.1661142026012048,46.17174072632319,-1.16721008741555,46.170716703782574
CRS3035RES200mN2626600E3461400,CRS3035RES1000mN2626000E3461000,CRS3035RES1000mN2626000E3461000,0,0,"17300,17200",157,-1.1657419381897338,46.169962495870536,-1.1635501021627754,46.172010500965634,-1.1646460396257552,46.17098650400008
CRS3035RES200mN2626600E3461600,CRS3035RES1000mN2626000E3461000,CRS3035RES1000mN2626000E3461000,0,0,17300,212,-1.1631779198987724,46.17023226020136,-1.1609859785783236,46.17228021414434,-1.1620819686890362,46.17125624275539
CRS3035RES200mN2626600E3461800,CRS3035RES1000mN2626000E3461000,CRS3035RES1000mN2626000E3461000,0,0,17300,191.5,-1.1606138784648055,46.17050196307067,-1.1584218318526618,46.172549865858414,-1.1595178746102037,46.17152592004764
CRS3035RES200mN2626600E3462000,CRS3035RES1000mN2626000E3462000,CRS3035RES1000mN2626000E3462000,0,0,17300,174,-1.1580498138926374,46.170771604477586,-1.1558576619906018,46.17281945610697,-1.1569537573940814,46.17179553587592
CRS3035RES200mN2626600E3462200,CRS3035RES1000mN2626000E3462000,CRS3035RES1000mN2626000E3462000,0,0,17300,181.5,-1.1554857261870846,46.17104118442119,-1.153293468996961,46.173088984889134,-1.1543896170454713,46.17206509023937
CRS3035RES200mN2626600E3462400,CRS3035RES1000mN2626000E3462000,CRS3035RES1000mN2626000E3462000,0,0,17300,77.5,-1.152921615352963,46.171310702900634,-1.1507292528765465,46.173358452204,-1.1518254535691859,46.17233458313708
CRS3035RES200mN2626600E3462600,CRS3035RES1000mN2626000E3462000,CRS3035RES1000mN2626000E3462000,0,0,17300,125.5,-1.1503574813950797,46.17158015991499,-1.1481650136341737,46.173627858050686,-1.1492612669700455,46.172604014568144
CRS3035RES200mN2626600E3462800,CRS3035RES1000mN2626000E3462000,CRS3035RES1000mN2626000E3462000,0,0,17300,159.5,-1.1477933243182517,46.171849555463375,-1.1456007512746629,46.173897202428286,-1.1466970572528588,46.172873384531705
CRS3035RES200mN2626600E3463000,CRS3035RES1000mN2626000E3463000,CRS3035RES1000mN2626000E3463000,0,0,17300,264.5,-1.145229144127291,46.17211888954492,-1.1430364658028227,46.17416648533594,-1.1441328244224445,46.17314269302685
CRS3035RES200mN2626600E3463200,CRS3035RES1000mN2626000E3463000,CRS3035RES1000mN2626000E3463000,0,0,17300,189,-1.142664940827012,46.17238816215871,-1.1404721572234706,46.17443570677273,-1.1415685684836163,46.173411940052695
CRS3035RES200mN2626600E3463400,CRS3035RES1000mN2626000E3463000,CRS3035RES1000mN2626000E3463000,0,0,17300,51,-1.1401007144222326,46.17265737330387,-1.13790782554142,46.174704866737784,-1.1390042894411865,46.17368112560837
CRS3035RES200mN2626600E3463600,CRS3035RES1000mN2626000E3463000,CRS3035RES1000mN2626000E3463000,1,0,17300,12,-1.137536464917765,46.172926522979516,-1.1353434707614942,46.17497396523022,-1.1364399872999735,46.17395024969294
CRS3035RES200mN2626600E3463800,CRS3035RES1000mN2626000E3463000,CRS3035RES1000mN2626000E3463000,0,0,17300,88.5,-1.1349721923184233,46.17319561118476,-1.1327790928884993,46.17524300224914,-1.1338756620647896,46.17421931230558
CRS3035RES200mN2626600E3464200,CRS3035RES1000mN2626000E3464000,CRS3035RES1000mN2626000E3464000,1,0,"17291,17300",12,-1.1298435778543883,46.17373360318046,-1.1276502678825884,46.17578089186286,-1.1287469423317877,46.17475725311141
CRS3035RES200mN2626800E3458400,CRS3035RES1000mN2626000E3458000,CRS3035RES1000mN2626000E3458000,1,0,17300,8,-1.2045729283834712,46.16768673164439,-1.202382621816427,46.16973551016307,-1.2034777945362067,46.168711126477454
CRS3035RES200mN2626800E3458600,CRS3035RES1000mN2626000E3458000,CRS3035RES1000mN2626000E3458000,0,0,17300,300,-1.2020091757126412,46.16795742813589,-1.1998187638155493,46.17000615554779,-1.200913989201334,46.16898179741612
CRS3035RES200mN2626800E3458800,CRS3035RES1000mN2626000E3458000,CRS3035RES1000mN2626000E3458000,0,0,17300,204.5,-1.1994453998236394,46.16822806317705,-1.1972548825982794,46.170276739479036,-1.1983501606491913,46.16925240690288
CRS3035RES200mN2626800E3459000,CRS3035RES1000mN2626000E3459000,CRS3035RES1000mN2626000E3459000,0,0,17300,148,-1.1968816007212815,46.16849863676694,-1.1946909781694424,46.170547261955925,-1.1957863088845828,46.169522954936824
CRS3035RES200mN2626800E3459200,CRS3035RES1000mN2626000E3459000,CRS3035RES1000mN2626000E3459000,0,0,17300,211.5,-1.194317778410373,46.16876914890469,-1.192127050533839,46.17081772297755,-1.193222433912313,46.169793441517065
CRS3035RES200mN2626800E3459400,CRS3035RES1000mN2626000E3459000,CRS3035RES1000mN2626000E3459000,0,0,17300,105.5,-1.1917539328957214,46.16903959958939,-1.1895630996962834,46.17108812254301,-1.1906585357371955,46.17006386664271
CRS3035RES200mN2626800E3459600,CRS3035RES1000mN2626000E3459000,CRS3035RES1000mN2626000E3459000,0,0,17300,234.5,-1.189190064182133,46.169309988820174,-1.18699912566157,46.171358460651454,-1.1880946143640327,46.17033423031287
CRS3035RES200mN2626800E3459800,CRS3035RES1000mN2626000E3459000,CRS3035RES1000mN2626000E3459000,0,0,17300,190.5,-1.1866261722744127,46.16958031659614,-1.1844351284345254,46.17162873730196,-1.185530669797642,46.170604532526646
CRS3035RES200mN2626800E3460000,CRS3035RES1000mN2626000E3460000,CRS3035RES200mN2626800E3460000,0,0,17300,321,-1.184062257177375,46.16985058291638,-1.1818711080199507,46.17189895249364,-1.1829667020428192,46.170874773283174
CRS3035RES200mN2626800E3460200,CRS3035RES1000mN2626000E3460000,CRS3035RES200mN2626800E3460200,0,0,17300,165.5,-1.1814983188958317,46.17012078778003,-1.1793070644226564,46.1721691062256,-1.1804027111043898,46.17114495258153
CRS3035RES200mN2626800E3460400,CRS3035RES1000mN2626000E3460000,CRS3035RES200mN2626800E3460400,0,0,17300,357,-1.178934357434584,46.170390931186155,-1.17674299764745,46.172439198496974,-1.1778386969871526,46.17141507042082
CRS3035RES200mN2626800E3460600,CRS3035RES1000mN2626000E3460000,CRS3035RES200mN2626800E3460600,0,0,"17300,17200",137,-1.1763703727984443,46.170661013133916,-1.174178907699153,46.17270922930682,-1.1752746596959203,46.171685126800185
CRS3035RES200mN2626800E3460800,CRS3035RES1000mN2626000E3460000,CRS3035RES200mN2626800E3460800,0,0,"17200,17300",300.5,-1.1738063649922292,46.17093103362238,-1.1716147945825681,46.17297919865428,-1.1727105992355062,46.1719551217187
CRS3035RES200mN2626800E3461400,CRS3035RES1000mN2626000E3461000,CRS3035RES1000mN2626000E3461000,0,0,"17200,17300",104,-1.1661142026012048,46.17174072632319,-1.1639223162712058,46.17378873791343,-1.1650182788872778,46.172764737700334
CRS3035RES200mN2626800E3461600,CRS3035RES1000mN2626000E3461000,CRS3035RES1000mN2626000E3461000,0,0,"17200,17300",122,-1.1635501021627754,46.172010500965634,-1.1613581105295965,46.174058461402424,-1.1624541257982404,46.1730344867666
CRS3035RES200mN2626800E3461800,CRS3035RES1000mN2626000E3461000,CRS3035RES1000mN2626000E3461000,0,0,"17300,17200",147.5,-1.1609859785783236,46.17228021414434,-1.1587938816437602,46.17432812342458,-1.159889949564087,46.17330417436758
CRS3035RES200mN2626800E3462000,CRS3035RES1000mN2626000E3462000,CRS3035RES1000mN2626000E3462000,0,0,"17300,17200",142.5,-1.1584218318526618,46.172549865858414,-1.1562296296185122,46.17459772397898,-1.1573257501896175,46.17357380050238
CRS3035RES200mN2626800E3462200,CRS3035RES1000mN2626000E3462000,CRS3035RES1000mN2626000E3462000,0,0,17300,177,-1.1558576619906018,46.17281945610697,-1.153665354458673,46.17486726306477,-1.1547615276796563,46.17384336517011
CRS3035RES200mN2626800E3462400,CRS3035RES1000mN2626000E3462000,CRS3035RES1000mN2626000E3462000,0,0,17300,216.5,-1.153293468996961,46.173088984889134,-1.1511010561690465,46.175136740681054,-1.152197282039003,46.17411286836988
CRS3035RES200mN2626800E3462600,CRS3035RES1000mN2626000E3462000,CRS3035RES1000mN2626000E3462000,0,0,17300,76,-1.1507292528765465,46.173358452204,-1.1485367347544482,46.17540615682694,-1.1496330132724841,46.17438231010082
CRS3035RES200mN2626800E3462800,CRS3035RES1000mN2626000E3462000,CRS3035RES1000mN2626000E3462000,0,0,17300,68,-1.1481650136341737,46.173627858050686,-1.145972390219706,46.17567551150151,-1.1470687213849167,46.174651690362005
CRS3035RES200mN2626800E3463000,CRS3035RES1000mN2626000E3463000,CRS3035RES1000mN2626000E3463000,0,0,17300,77,-1.1456007512746629,46.173897202428286,-1.143408022569623,46.17594480470391,-1.1445044063811,46.174921009152555
CRS3035RES200mN2626800E3463200,CRS3035RES1000mN2626000E3463000,CRS3035RES1000mN2626000E3463000,0,0,17300,97,-1.1430364658028227,46.17416648533594,-1.1408436318090156,46.176214036433244,-1.141940068265864,46.1751902664716
CRS3035RES200mN2626800E3463400,CRS3035RES1000mN2626000E3463000,CRS3035RES1000mN2626000E3463000,0,0,17300,170.5,-1.1404721572234706,46.17443570677273,-1.1382792179427028,46.17648320668861,-1.1393757070440174,46.175459462318244
CRS3035RES200mN2626800E3463600,CRS3035RES1000mN2626000E3463000,CRS3035RES1000mN2626000E3463000,0,0,17300,21,-1.13790782554142,46.174704866737784,-1.1357147809755044,46.17675231546914,-1.136811322720377,46.17572859669158
CRS3035RES200mN2626800E3463800,CRS3035RES1000mN2626000E3463000,CRS3035RES1000mN2626000E3463000,1,0,"17300,17291",16,-1.1353434707614942,46.17497396523022,-1.1331503209122293,46.17702136277393,-1.134246915299762,46.17599766959075
CRS3035RES200mN2626800E3464000,CRS3035RES1000mN2626000E3464000,CRS3035RES1000mN2626000E3464000,0,0,"17291,17300",48,-1.1327790928884993,46.17524300224914,-1.1305858377577012,46.177290348602085,-1.1316824847869889,46.17626668101484
CRS3035RES200mN2627000E3458200,CRS3035RES1000mN2627000E3458000,CRS3035RES1000mN2627000E3458000,1,0,17300,19,-1.2075102681498198,46.1691940350368,-1.2053200167638107,46.171242871176425,-1.2064151618936476,46.17021845867981
CRS3035RES200mN2627000E3458400,CRS3035RES1000mN2627000E3458000,CRS3035RES1000mN2627000E3458000,0,0,17300,43,-1.204946456596126,46.16946480332577,-1.202756099868586,46.17151358836042,-1.2038512976701752,46.17048920141685
CRS3035RES200mN2627000E3458600,CRS3035RES1000mN2627000E3458000,CRS3035RES1000mN2627000E3458000,0,0,17300,168.5,-1.202382621816427,46.16973551016307,-1.2001921597491483,46.17178424408961,-1.2012874102215945,46.170759882700644
CRS3035RES200mN2627000E3458800,CRS3035RES1000mN2627000E3458000,CRS3035RES1000mN2627000E3458000,0,0,17300,162,-1.1998187638155493,46.17000615554779,-1.197628196410303,46.17205483836311,-1.1987234995527236,46.17103050253031
CRS3035RES200mN2627000E3459000,CRS3035RES1000mN2627000E3459000,CRS3035RES1000mN2627000E3459000,0,0,17300,92.5,-1.1972548825982794,46.170276739479036,-1.1950642098568645,46.17232537118004,-1.196159565668361,46.171301060904945
CRS3035RES200mN2627000E3459200,CRS3035RES1000mN2627000E3459000,CRS3035RES1000mN2627000E3459000,1,0,17300,28,-1.1946909781694424,46.170547261955925,-1.1925002000936398,46.172595842539465,-1.1935956085733168,46.17157155782367
CRS3035RES200mN2627000E3459800,CRS3035RES1000mN2627000E3459000,CRS3035RES1000mN2627000E3459000,1,0,17300,18,-1.18699912566157,46.171358460651454,-1.1848080315933311,46.17340688786404,-1.1859035980721921,46.17238267983537
CRS3035RES200mN2627000E3460000,CRS3035RES1000mN2627000E3460000,CRS3035RES1000mN2627000E3460000,0,0,17300,60.5,-1.1844351284345254,46.17162873730196,-1.1822439290390536,46.17367711338468,-1.1833395481825124,46.1726529309215
CRS3035RES200mN2627000E3460200,CRS3035RES1000mN2627000E3460000,CRS3035RES1000mN2627000E3460000,0,0,17300,50.5,-1.1818711080199507,46.17189895249364,-1.1796798032990334,46.173947277443375,-1.180775475106204,46.172923120547246
CRS3035RES200mN2627000E3460400,CRS3035RES1000mN2627000E3460000,CRS3035RES1000mN2627000E3460000,0,0,17300,87,-1.1793070644226564,46.1721691062256,-1.1771156543780874,46.174217380039224,-1.1782113788480764,46.173193248711705
CRS3035RES200mN2627000E3460600,CRS3035RES1000mN2627000E3460000,CRS3035RES1000mN2627000E3460000,1,0,"17300,17200",10,-1.17674299764745,46.172439198496974,-1.1745514822810312,46.17448742117138,-1.1756472594129284,46.17346331541402
CRS3035RES200mN2627000E3462000,CRS3035RES1000mN2627000E3462000,CRS3035RES1000mN2627000E3462000,0,0,"17200,17300",127,-1.1587938816437602,46.17432812342458,-1.1566016290746262,46.17637598803745,-1.1576977748147947,46.17535206131472
CRS3035RES200mN2627000E3462200,CRS3035RES1000mN2627000E3462000,CRS3035RES1000mN2627000E3462000,0,0,"17200,17300",232,-1.1562296296185122,46.17459772397898,-1.154037271741906,46.176645537427774,-1.1551334701367983,46.17562163628764
CRS3035RES200mN2627000E3462400,CRS3035RES1000mN2627000E3462000,CRS3035RES1000mN2627000E3462000,0,0,"17300,17200",132,-1.153665354458673,46.17486726306477,-1.151472891276387,46.176915025346375,-1.1525691423250997,46.1758911497904
CRS3035RES200mN2627000E3462600,CRS3035RES1000mN2627000E3462000,CRS3035RES1000mN2627000E3462000,0,0,17300,31,-1.1511010561690465,46.175136740681054,-1.1489084876828872,46.17718445179235,-1.1500047913845233,46.176160601822076
CRS3035RES200mN2627000E3462800,CRS3035RES1000mN2627000E3462000,CRS3035RES1000mN2627000E3462000,0,0,17300,93,-1.1485367347544482,46.17540615682694,-1.1463440609662268,46.1774538167648,-1.147440417319883,46.176429992381806
CRS3035RES200mN2627000E3463000,CRS3035RES1000mN2627000E3463000,CRS3035RES1000mN2627000E3463000,0,0,17300,124.5,-1.145972390219706,46.17567551150151,-1.1437796111312182,46.17772312026287,-1.1448760201359898,46.17669932146867
CRS3035RES200mN2627000E3463200,CRS3035RES1000mN2627000E3463000,CRS3035RES1000mN2627000E3463000,0,0,17300,104,-1.143408022569623,46.17594480470391,-1.1412151381826734,46.17799236228563,-1.1423115998376618,46.17696858908181
CRS3035RES200mN2627000E3463400,CRS3035RES1000mN2627000E3463000,CRS3035RES1000mN2627000E3463000,0,0,17300,69.5,-1.1408436318090156,46.176214036433244,-1.1386506421254141,46.17826154283221,-1.1397471564297161,46.177237795220314
CRS3035RES200mN2627000E3463600,CRS3035RES1000mN2627000E3463000,CRS3035RES1000mN2627000E3463000,0,0,"17300,17291",51,-1.1382792179427028,46.17648320668861,-1.1360861229642638,46.17853066190173,-1.1371826899169697,46.17750693988331
CRS3035RES200mN2627000E3463800,CRS3035RES1000mN2627000E3463000,CRS3035RES1000mN2627000E3463000,0,0,"17291,17300",138,-1.1357147809755044,46.17675231546914,-1.133521580704025,46.17879971949329,-1.1346182003042362,46.17777602306991
CRS3035RES200mN2627200E3457600,CRS3035RES1000mN2627000E3457000,CRS3035RES2000mN2626000E3456000,1,1,17300,1,-1.21557545200645,46.170159387910395,-1.2133854665311603,46.172208383868636,-1.214480478704235,46.171183891461084
CRS3035RES200mN2627200E3458200,CRS3035RES1000mN2627000E3458000,CRS3035RES1000mN2627000E3458000,1,0,17300,2,-1.2078839104300199,46.170972092538534,-1.2056936088903656,46.17302093519654,-1.2067887790985916,46.17199651944077
CRS3035RES200mN2627200E3458400,CRS3035RES1000mN2627000E3458000,CRS3035RES1000mN2627000E3458000,1,0,17300,16,-1.2053200167638107,46.171242871176425,-1.203129609872936,46.17329166272812,-1.2042248327577598,46.172267272526064
CRS3035RES200mN2627200E3458600,CRS3035RES1000mN2627000E3458000,CRS3035RES1000mN2627000E3458000,1,0,17300,23,-1.202756099868586,46.17151358836042,-1.2005655876282701,46.173562328802696,-1.2016608631888013,46.17253796415589
CRS3035RES200mN2627200E3458800,CRS3035RES1000mN2627000E3458000,CRS3035RES1000mN2627000E3458000,0,0,17300,44,-1.2001921597491483,46.17178424408961,-1.1980015421611738,46.17383293341935,-1.1990968703965232,46.172808594329375
CRS3035RES200mN2627200E3460600,CRS3035RES1000mN2627000E3460000,CRS3035RES1000mN2627000E3460000,1,0,"17300,17200",13,-1.1771156543780874,46.174217380039224,-1.1749240887416756,46.176265609216266,-1.1760198910101407,46.17524150020761
CRS3035RES200mN2627200E3460800,CRS3035RES1000mN2627000E3460000,CRS3035RES1000mN2627000E3460000,1,0,"17200,17300",6,-1.1745514822810312,46.17448742117138,-1.1723598113148548,46.17653559920478,-1.1734556662491864,46.175511515768484
CRS3035RES200mN2627200E3462400,CRS3035RES1000mN2627000E3462000,CRS3035RES1000mN2627000E3462000,0,0,"17200,17300",50,-1.154037271741906,46.176645537427774,-1.1518447582023799,46.17869330620014,-1.1529410344312845,46.177669427398804
CRS3035RES200mN2627200E3462600,CRS3035RES1000mN2627000E3462000,CRS3035RES1000mN2627000E3462000,1,0,"17200,17300",27,-1.151472891276387,46.176915025346375,-1.1492802724232944,46.178962742947114,-1.1503766013099714,46.17793888973214
CRS3035RES200mN2627200E3462800,CRS3035RES1000mN2627000E3462000,CRS3035RES1000mN2627000E3462000,0,0,"17300,17200",129.5,-1.1489084876828872,46.17718445179235,-1.1467157635180352,46.17923211821835,-1.147812145061578,46.17820829059131
CRS3035RES200mN2627200E3463000,CRS3035RES1000mN2627000E3463000,CRS3035RES1000mN2627000E3463000,0,0,"17300,17200",71,-1.1463440609662268,46.1774538167648,-1.144151231491414,46.17950143201297,-1.1452476656909207,46.1784776299754
CRS3035RES200mN2627200E3463200,CRS3035RES1000mN2627000E3463000,CRS3035RES1000mN2627000E3463000,0,0,"17300,17200",123.5,-1.1437796111312182,46.17772312026287,-1.141586676348254,46.17977068433008,-1.14268316320282,46.17874690788353
CRS3035RES200mN2627200E3463400,CRS3035RES1000mN2627000E3463000,CRS3035RES1000mN2627000E3463000,0,0,"17300,17200",137.5,-1.1412151381826734,46.17799236228563,-1.1390220980933647,46.180039875168774,-1.1401186376020944,46.17901612431481
CRS3035RES200mN2627200E3463600,CRS3035RES1000mN2627000E3463000,CRS3035RES1000mN2627000E3463000,0,0,"17291,17300,17200",113,-1.1386506421254141,46.17826154283221,-1.1364574967315706,46.18030900452819,-1.1375540888935547,46.17928527926836
CRS3035RES200mN2627400E3458400,CRS3035RES1000mN2627000E3458000,CRS3035RES1000mN2627000E3458000,1,0,17300,7,-1.2056936088903656,46.17302093519654,-1.2035031518333,46.17506973326641,-1.204598399802788,46.17404533980528
CRS3035RES200mN2627400E3458800,CRS3035RES1000mN2627000E3458000,CRS3035RES1000mN2627000E3458000,0,0,17300,77.5,-1.2005655876282701,46.173562328802696,-1.1983749198547082,46.175611024648006,-1.1994702731844227,46.17458668230025
CRS3035RES200mN2627400E3460200,CRS3035RES1000mN2627000E3460000,CRS3035RES1000mN2627000E3460000,1,0,17300,11.5,-1.1826167819569509,46.17545527045332,-1.1804253767319701,46.17750360841464,-1.1815210987943126,46.17647944501275
CRS3035RES200mN2627400E3460600,CRS3035RES1000mN2627000E3460000,CRS3035RES1000mN2627000E3460000,1,0,17300,7,-1.1774883429941705,46.17599555776093,-1.1752967270849017,46.17804379344168,-1.176392554491364,46.17701968118119
CRS3035RES200mN2627400E3460800,CRS3035RES1000mN2627000E3460000,CRS3035RES1000mN2627000E3460000,1,0,"17300,17200",13,-1.1749240887416756,46.176265609216266,-1.1727323674929526,46.17831379375207,-1.1738282475701305,46.17728970706461
CRS3035RES200mN2627800E3460800,CRS3035RES1000mN2627000E3460000,CRS3035RES1000mN2627000E3460000,1,0,"17300,17200",1,-1.1756693973145305,46.17982197384783,-1.173477575492125,46.181870171391786,-1.1745735058592823,46.1808460782003
CRS3035RES200mN2628000E3460200,CRS3035RES1000mN2628000E3460000,CRS3035RES1000mN2628000E3460000,1,0,"17190,17300",1,-1.1837355321416243,46.18078971872695,-1.181543976139111,46.18283807621398,-1.182639773594931,46.181813903049324
CRS3035RES200mN2628000E3460800,CRS3035RES1000mN2628000E3460000,CRS3035RES1000mN2628000E3460000,1,0,"17190,17300,17200",13,-1.1760420994343805,46.18160015043491,-1.173850227320839,46.183648354484596,-1.1749461828351333,46.18262425804027
CRS3035RES200mN2628200E3459800,CRS3035RES1000mN2628000E3459000,CRS3035RES1000mN2628000E3459000,0,0,"17300,17190",88,-1.1892375161931559,46.18202724467806,-1.187046120694806,46.184075710954495,-1.1881418378981385,46.18305148339406
CRS3035RES200mN2628200E3460000,CRS3035RES1000mN2628000E3460000,CRS3035RES1000mN2628000E3460000,1,0,"17190,17300",18,-1.1866730260458587,46.18229758332914,-1.1844815251620877,46.184345998467826,-1.1855772950591137,46.18332179647679
CRS3035RES200mN2628400E3459600,CRS3035RES1000mN2628000E3459000,CRS3035RES1000mN2628000E3459000,1,0,"17190,17300",23.5,-1.1921752421294167,46.18353495150567,-1.1899839017796285,46.185583475432615,-1.191079591409257,46.18455921904642
CRS3035RES200mN2628600E3459400,CRS3035RES1000mN2628000E3459000,CRS3035RES1000mN2628000E3459000,1,0,"17300,17190",5,-1.1951131411402314,46.1850425723561,-1.192921855957355,46.18709115393414,-1.1940175180041062,46.186066868721845
CRS3035RES200mN2628600E3459600,CRS3035RES1000mN2628000E3459000,CRS3035RES1000mN2628000E3459000,0,0,"17190,17300",46,-1.1925485330705965,46.185313054631756,-1.1903571424793051,46.187361585075635,-1.1914528572312568,46.18633732543096
CRS3035RES200mN2628800E3459400,CRS3035RES1000mN2628000E3459000,CRS3035RES1000mN2628000E3459000,1,0,"17300,17190",14,-1.19548654621105,46.186820661315636,-1.1932952107935229,46.188869249413045,-1.194390897959169,46.187844960941085
CRS3035RES200mN2628800E3459600,CRS3035RES1000mN2628000E3459000,CRS3035RES1000mN2628000E3459000,0,0,"17190,17300",121,-1.192921855957355,46.18709115393414,-1.1907304151217073,46.18913969089607,-1.1918261549974092,46.1881154279924
CRS3035RES200mN2629000E3459400,CRS3035RES1000mN2629000E3459000,CRS3035RES1000mN2629000E3459000,0,0,"17190,17300",33,-1.1958599832379562,46.188598746450786,-1.1936685975829189,46.19064734106866,-1.194764309868893,46.1896230493365
